2theta,I
37.11768,12
18.46188,12
100,6
49.76956,6
21.62063,24
10.75344,24
33.17462,12
16.51287,12
0.15212,24
0.07539,24
47.82689,8
23.79057,8
0.33674,48
0.16702,48
11.25754,6
5.59881,6
5.12147,24
1.04448,12
2.54699,24
0.51929,12
1.35786,24
0.67653,24
0.96217,24
0.47823,24
9.05309,24
4.50652,24
0.24215,48
0.10161,24
0.12017,48
0.05072,24
0.27433,48
0.13684,48
0.72997,12
0.36251,12
0.1427,24
0.01201,24
0.07084,24
0.00603,24
2.00403,24
1.24586,6
0.99777,24
0.62015,6
1.57558,24
0.01818,48
0.78344,24
0.00897,48
0.38568,24
0.19164,24
0.27005,48
0.13464,48
0.2302,24
0.11407,24
0.09548,48
0.04737,48
1.07657,8
0.53504,8
0.17889,48
0.58726,12
0.0735,24
0.08881,48
0.292,12
0.03647,24
0.0993,24
0.04929,24
0.0191,24
0.45943,24
0.10107,48
0.00946,24
0.22836,24
0.05013,48
0.09717,48
0.0482,48
0.00424,24
0.00213,24
0.08959,48
0.01074,48
0.0447,48
0.00539,48
0.44954,6
0.22334,6
0.0016,24
0.06703,48
0.40045,24
7.9E-4,24
0.03324,48
0.19906,24
0.19808,24
0.58664,24
0.09868,24
0.29168,24
0.16288,48
0.0809,48
0.13484,24
1.7E-4,12
0.06698,24
8E-5,12
0.21591,24
0.11627,48
0.23913,48
0.10756,24
0.05798,48
0.1188,48
0.0214,24
0.01077,24
0.31302,48
0.15596,48
0.16519,24
0.08251,24
0.11567,24
0.01508,24
0.05745,24
0.00754,24
0.81275,48
0.40406,48
0.01966,48
0.16154,24
0.15698,48
0.00974,48
0.08047,24
0.07795,48
0.35565,24
0.17707,24
0.01661,48
0.0966,48
0.0035,24
0.00831,48
0.04816,48
0.00176,24
0.33234,48
3E-5,48
0.16554,48
1E-5,48
0.11738,24
0.05864,24
0.05313,48
0.25521,12
0.11088,48
0.02636,48
0.12688,12
0.05508,48
0.07858,6
0.09066,24
0.03906,6
0.04504,24
0.65802,24
0.1405,24
0.32717,24
0.06982,24
0.29448,48
0.89427,24
0.14631,48
0.44474,24
0.0136,48
0.09011,24
0.00673,48
0.04477,24
0.15485,8
0.00949,24
0.07688,8
0.00465,24
0.22587,48
0.04375,48
0.23311,48
0.11223,48
0.02171,48
0.11584,48
0.26366,24
0.0744,48
0.10742,24
0.13105,24
0.03694,48
0.05352,24
0.01165,48
0.39054,24
0.00583,48
0.19414,24
0.0625,24
0.03142,48
0.03114,24
0.01558,48
0.28599,48
0.14216,48
0.41957,48
0.00238,48
0.0138,24
0.20891,48
0.0012,48
0.00684,24
0.03004,48
0.03132,48
0.0331,48
0.0149,48
0.01552,48
0.01651,48
0.01562,12
0.00772,12
0.07193,24
0.08107,24
0.03585,24
0.04028,24
0.02805,24
0.12605,24
0.01398,24
0.06263,24
0.17082,48
0.01817,24
0.1492,48
0.0945,48
0.0851,48
0.00907,24
0.07415,48
0.04693,48
0.07134,24
0.25873,24
0.03554,24
0.12863,24
0.23741,48
0.03968,48
0.118,48
0.01968,48
0.12057,48
0.06026,48
0.07463,48
0.0372,48
0.0644,24
6.1E-4,6
0.0319,24
3.1E-4,6
0.01365,48
0.0176,48
0.05787,48
0.08163,24
0.06964,24
0.00682,48
0.00873,48
0.02885,48
0.04067,24
0.0346,24
0.67813,24
0.33723,24
0.03638,48
0.14704,24
0.03644,48
0.01806,48
0.07321,24
0.01818,48
0.2702,24
0.00654,48
0.13431,24
0.00324,48
0.13182,48
0.17632,48
0.0655,48
0.08761,48
0.22815,48
0.00374,48
0.1136,48
0.00185,48
0.02466,24
0.01235,24
0.18634,12
0.02472,24
0.12342,24
3E-5,48
0.09264,12
0.01232,24
0.06146,24
2E-5,48
0.10636,24
0.0756,24
0.45995,48
0.05296,24
0.03755,24
0.22868,48
0.30844,24
0.02984,48
0.00916,48
0.15332,24
0.0148,48
0.00454,48
0.02227,48
0.01104,48
0.07026,24
0.16655,48
0.0012,48
0.01755,24
0.03491,24
0.08295,48
6E-4,48
0.00871,24
0.00143,24
7.1E-4,24
0.14312,48
0.10365,48
0.03603,48
0.07113,48
0.05149,48
0.01788,48
0.05421,24
0.02708,24
0.16591,24
0.10464,48
0.00573,24
0.08245,24
0.052,48
0.00286,24
0.01106,48
0.1067,24
0.00547,48
0.05303,24
0.00778,48
0.02484,48
0.0206,48
0.00385,48
0.01239,48
0.01028,48
0.27842,48
0.13834,48
0.0201,48
0.02352,48
0.01809,48
0.00997,48
0.01167,48
0.00897,48
0.19576,48
0.09729,48
0.06753,8
0.03352,8
0.00533,48
0.2759,48
0.00199,48
0.12356,24
0.17463,24
0.01225,48
0.13713,48
0.00264,48
1E-3,48
0.06141,24
0.08692,24
0.00612,48
0.01941,48
0.04431,6
0.00963,48
0.02202,6
0.04795,24
0.03143,24
0.17294,48
0.03063,24
0.02381,24
0.08593,48
0.01566,24
0.01521,24
0.02001,12
0.46154,24
7.8E-4,48
0.00997,12
0.2295,24
3.8E-4,48
0.07638,48
0.02435,24
0.03804,48
0.01214,24
0.11038,24
0.03653,24
0.05476,24
0.01826,24
0.15447,48
0.09166,48
0.0206,48
0.02524,48
0.00246,48
0.07691,48
0.04554,48
0.01028,48
0.01252,48
0.00123,48
0.0027,24
0.00136,24
0.01752,48
0.09593,48
0.00869,48
0.04765,48
0.03224,48
0.18535,24
0.01601,48
0.09211,24
0.00995,24
8E-4,48
0.00496,24
4E-4,48
0.01876,24
0.00883,24
0.44859,48
0.00438,24
0.00935,24
0.22302,48
0.1371,48
0.00477,48
0.01723,24
0.06814,48
0.00239,48
0.00859,24
0.06261,48
1.9E-4,48
0.02964,48
0.0312,48
9E-5,48
0.01471,48
0.00199,48
9.9E-4,48
0.02384,24
0.00129,48
7.6E-4,24
0.01188,24
6.5E-4,48
3.8E-4,24
0.23161,24
0.00195,24
0.1151,24
9.8E-4,24
0.18922,48
0.00879,48
0.00277,48
0.03396,48
0.03093,48
0.09405,48
0.00435,48
0.00139,48
0.01693,48
0.01536,48
0.08274,24
0.04112,24
0.06073,48
0.09349,24
0.04129,48
0.04142,48
0.00834,48
0.03017,48
0.04645,24
0.02058,48
0.02064,48
0.00413,48
0.03101,24
0.02588,48
0.01536,24
0.01296,48
0.22427,48
0.00516,48
0.11145,48
0.00258,48
0.01552,24
2.7E-4,48
2.4E-4,48
0.02615,12
0.00774,24
1.4E-4,48
1.2E-4,48
0.01299,12
0.01166,48
0.02122,24
0.00578,48
0.01058,24
0.04652,24
0.00629,48
0.10443,48
0.02359,24
0.02316,24
0.00312,48
0.05189,48
0.01171,24
0.03632,48
0.01537,48
0.01804,48
0.00767,48
0.04052,24
0.18662,48
0.00104,24
0.04549,48
0.02018,24
0.09273,48
5.1E-4,24
0.02266,48
9E-5,48
0.00735,48
0.0296,48
0.06542,48
5E-5,48
0.00364,48
0.01474,48
0.03259,48
0.00186,6
9.3E-4,6
0.0036,48
0.01244,24
0.01737,24
0.00178,48
0.00618,24
0.00862,24
0.25884,24
0.00114,48
0.01765,24
0.12869,24
5.7E-4,48
0.00876,24
0.05817,24
0.00202,48
0.02896,24
0.00101,48
0.00267,24
0.00127,48
0.15454,24
0.00134,24
6.3E-4,48
0.07679,24
0.00743,48
0.05794,48
0.01624,48
0.00885,48
0.06976,48
0.00368,48
0.02878,48
0.00806,48
0.00439,48
0.03474,48
0.00122,24
6.2E-4,24
0.09731,48
0.00321,48
0.06002,48
0.09124,48
0.04834,48
0.00159,48
0.02982,48
0.04543,48
0.00104,24
5.1E-4,24
5.2E-4,24
2.6E-4,24
0.05181,24
0.06149,48
0.00523,24
0.01653,48
0.02574,24
0.03056,48
0.00261,24
0.00824,48
0.00175,48
0.17853,48
8.6E-4,48
0.08874,48
0.13915,48
0.00362,48
6.8E-4,48
0.02952,24
0.06913,48
0.0018,48
3.4E-4,48
0.01466,24
0.00338,48
0.00169,48
2.4E-4,48
0.00101,48
1.2E-4,48
5E-4,48
0.00304,48
0.02615,48
0.01657,48
0.0015,48
0.00823,48
0.01303,48
0.00576,24
0.12181,12
0.00289,24
0.06049,12
0.1337,48
0.00111,48
0.10261,48
0.0241,24
0.00864,48
0.03161,24
0.06642,48
5.5E-4,48
0.05098,48
0.01197,24
0.00429,48
0.01569,24
0.07421,24
0.05838,24
0.03692,24
0.02901,24
0.00662,48
0.01515,24
0.06046,48
0.03464,48
0.0033,48
0.00755,24
0.03002,48
0.01719,48
0.01058,48
0.0132,24
0.17949,48
0.00525,48
0.00657,24
0.08915,48
0.02352,48
0.02035,24
0.01167,48
0.01014,24
0.00767,8
0.1068,48
0.0038,8
0.05297,48
6.2E-4,48
0.09161,48
0.04738,48
3.1E-4,48
0.04551,48
0.0236,48
0.07371,24
0.03657,24
0.01084,24
0.00464,24
0.0053,48
0.00593,24
0.00251,48
0.03665,48
0.01515,24
0.0054,24
0.0023,24
0.00262,48
0.00295,24
0.00124,48
0.01819,48
0.00752,24
0.00176,48
0.02525,48
8.7E-4,48
0.01254,48
0.05877,48
0.00122,48
0.02919,48
6E-4,48
0.00456,48
0.00228,48
0.07341,48
4.9E-4,48
0.00118,48
0.00352,48
0.00229,48
0.0375,48
0.1738,24
0.03654,48
2.4E-4,48
5.9E-4,48
0.00174,48
0.00114,48
0.01868,48
0.08637,24
0.00786,48
0.00329,48
0.27438,48
0.0039,48
0.00163,48
0.13635,48
0.01813,24
0.00898,24
0.00233,48
0.01555,48
0.00772,48
0.00117,48
0.02458,24
0.00159,24
0.00826,6
0.00166,48
0.01223,24
7.9E-4,24
0.0041,6
8.3E-4,48
0.02969,48
0.00288,48
0.00703,24
1E-4,48
0.00235,48
0.03473,48
0.01475,48
0.00143,48
0.00349,24
5E-5,48
0.00118,48
0.01724,48
0.05334,24
0.04979,24
0.02651,24
0.02472,24
9.4E-4,48
0.25024,48
4.6E-4,48
0.12434,48
0.01078,48
0.00503,24
0.00533,48
0.00248,24
0.00685,48
0.02122,48
0.01452,48
0.01054,48
0.00339,48
0.00724,48
0.05181,48
0.02567,48
0.00837,48
0.04748,48
4.9E-4,48
0.05484,12
0.00492,24
0.02364,48
0.00415,48
2.5E-4,48
0.02729,12
0.00245,24
0.04348,24
0.14893,24
0.02159,24
0.0741,24
0.01303,48
0.01308,48
0.00948,48
1E-3,24
0.00155,24
0.07459,24
5E-4,24
0.00473,48
0.0065,48
0.00649,48
7.7E-4,24
0.03712,24
6E-5,24
0.07402,48
0.2646,48
3E-5,24
0.03678,48
0.13165,48
0.061,48
0.10547,24
0.00547,48
0.0303,48
0.05248,24
0.00271,48
0.00234,48
0.00131,48
0.15827,48
0.00152,48
0.16517,48
0.00117,48
6.5E-4,48
0.07876,48
7.5E-4,48
0.08206,48
0.00613,24
0.00303,24
0.01504,48
0.00944,48
0.00188,24
0.02536,48
0.02159,24
0.0075,48
0.00468,48
9.3E-4,24
0.01263,48
0.01075,24
0.17064,48
0.01738,48
0.10919,24
0.07945,24
0.08492,48
0.00863,48
0.05424,24
0.03953,24
0.00226,24
1E-4,48
0.00113,24
5E-5,48
0.00635,48
0.09235,48
1E-4,24
0.00315,48
0.04598,48
5E-5,24
0.04729,48
0.00766,48
8E-4,24
0.0528,48
5E-5,48
0.02349,48
0.0038,48
4E-4,24
0.02629,48
3E-5,48
0.03102,48
0.01536,48
0.00186,48
0.01775,48
0.00318,48
9.3E-4,48
0.00884,48
0.00157,48
0.00282,48
0.00296,48
0.06233,24
0.00294,24
0.00141,48
0.00146,48
0.03096,24
0.00147,24
0.0628,48
0.03126,48
0.13514,48
0.00874,48
8.6E-4,24
0.00283,48
0.01508,48
0.00243,48
1.7E-4,48
2.1E-4,24
0.06713,48
0.00433,48
4.3E-4,24
0.0014,48
0.00752,48
0.00122,48
9E-5,48
1E-4,24
0.07721,48
0.0038,48
0.03842,48
0.00188,48
0.05415,48
6E-5,48
6.9E-4,48
0.00165,48
0.02689,48
3E-5,48
3.4E-4,48
8.2E-4,48
0.00607,48
0.0046,48
0.00301,48
0.0023,48
2.3E-4,24
1.1E-4,24
0.00109,48
0.00235,48
0.00647,24
1.7E-4,48
0.09575,48
0.01355,24
5.4E-4,48
0.00117,48
0.00322,24
8E-5,48
0.04756,48
0.00675,24
0.00292,24
0.00218,24
0.00146,24
0.00108,24
0.02621,48
0.01494,48
0.00964,48
0.00192,48
0.01305,48
0.00745,48
0.0048,48
9.5E-4,48
0.02311,48
0.02975,12
0.00438,48
0.01151,48
0.0148,12
0.00219,48
0.00793,48
0.01497,48
0.13123,24
0.00394,48
0.00746,48
0.06521,24
0.00374,24
0.00979,24
0.16229,24
0.00188,24
0.00484,24
0.08059,24
0.01586,48
0.01839,48
1.9E-4,48
0.00451,48
0.19009,48
0.00787,48
0.00916,48
1E-4,48
0.00224,48
0.09445,48
0.11315,24
0.00329,6
0.05618,24
0.00163,6
0.01393,24
1.6E-4,48
0.00117,48
0.00928,48
0.00423,24
0.00691,24
8E-5,48
5.8E-4,48
0.00463,48
0.0021,24
0.00828,24
0.00352,48
0.01049,48
0.06219,48
0.00411,24
0.00174,48
0.00523,48
0.03094,48
0.00397,48
0.00854,48
3.9E-4,48
0.0408,48
0.00198,48
0.00423,48
1.9E-4,48
0.02026,48
0.08001,24
0.00252,24
0.03979,24
0.00124,24
0.00188,48
0.01846,24
0.00382,48
0.05258,24
0.05924,48
9.3E-4,48
0.00916,24
0.0019,48
0.02612,24
0.02942,48
0.00143,48
0.04868,48
0.00995,48
0.03553,48
0.07731,48
0.11078,48
0.01909,24
7.2E-4,48
0.02418,48
0.00493,48
0.01764,48
0.0384,48
5.4E-4,24
1.1E-4,48
0.00242,24
0.05497,48
0.00946,24
0.00104,48
2E-5,48
2.7E-4,24
5E-5,48
0.0012,24
5.9E-4,48
0.00472,48
0.03872,24
5.1E-4,48
1E-5,48
0.00144,48
0.0378,24
3E-4,48
0.00234,48
0.01924,24
0.02421,48
1.9E-4,48
1.8E-4,48
0.02663,48
0.00416,48
0.00431,48
7.1E-4,48
0.0188,24
0.04582,24
0.11734,48
0.01202,48
9E-5,48
9E-5,48
0.01322,48
0.00206,48
0.00214,48
0.03414,48
0.00194,48
8.8E-4,48
0.02273,24
0.05822,48
0.00159,8
0.00924,24
0.01696,48
9.6E-4,48
4.4E-4,48
0.01731,48
0.00625,48
8.3E-4,48
0.00116,48
1.3E-4,48
0.0147,48
8E-4,8
0.00457,24
9.2E-4,24
0.00497,48
0.00859,48
0.0031,48
4.1E-4,48
5.8E-4,48
6E-5,48
0.00732,48
2.5E-4,24
0.01986,24
1.9E-4,48
4.6E-4,24
0.00247,48
0.00897,48
0.00123,48
8E-5,48
1.3E-4,24
0.00986,24
9E-5,48
0.00449,48
0.00271,24
0.0027,24
0.00445,48
6E-4,48
4E-5,48
0.00222,48
0.00134,24
0.00134,24
0.01173,48
0.01314,48
7.2E-4,48
0.01462,48
1.6E-4,48
0.01919,48
0.00516,48
0.00526,48
0.00582,48
0.00655,48
3.5E-4,48
0.00725,48
8E-5,48
0.00953,48
0.00255,48
0.00261,48
3.1E-4,48
0.00301,48
0.01596,24
0.00274,48
8.7E-4,24
0.03998,12
8.8E-4,48
0.0118,24
0.00204,48
0.02505,24
1.5E-4,48
0.0015,48
0.00793,24
0.00137,48
4.3E-4,24
0.01989,12
4.4E-4,48
0.00383,48
0.05784,24
0.02293,48
0.00289,48
0.00585,24
0.00102,48
0.01247,24
0.00122,24
0.00252,24
0.0653,48
0.0019,48
0.02878,24
0.01141,48
0.00144,48
0.00778,48
0.00836,48
0.00393,48
0.06124,24
0.00124,48
0.01834,48
0.02721,48
6.1E-4,24
0.00125,24
0.03251,48
0.01137,48
0.00386,48
0.00415,48
0.00194,48
0.03047,24
6.1E-4,48
0.00913,48
0.01352,48
4.5E-4,48
0.09356,48
0.00562,48
3E-4,48
0.02401,24
2.2E-4,48
0.04656,48
0.01901,24
3.8E-4,48
0.00934,24
1.5E-4,48
0.0119,24
0.025,24
0.01659,48
0.08372,48
0.00947,24
1.9E-4,48
0.00463,24
2.7E-4,48
0.0059,48
0.01095,48
0.00611,48
0.0103,48
0.01245,24
0.00825,48
0.04165,48
0.0277,48
0.00847,24
1.4E-4,48
0.00292,48
0.00545,48
0.00303,48
0.00511,48
0.01154,48
0.00517,48
0.03492,48
0.01333,48
0.05847,48
0.01379,48
0.0042,24
0.00573,48
0.00258,48
0.01738,48
0.00661,48
0.02909,48
9.3E-4,48
5.7E-4,48
0.02571,48
4.6E-4,48
2.8E-4,48
0.00286,24
0.00513,24
0.00394,48
2E-4,48
0.00537,48
0.00328,48
0.01273,48
1.5E-4,48
0.01,24
0.00181,6
0.00143,24
0.00254,24
0.00195,48
1E-4,48
0.00266,48
0.00163,48
1E-5,24
0.00399,24
0.00333,48
0.00485,48
4E-4,48
9.7E-4,48
0.00187,48
0.00319,24
8E-5,48
0.00496,24
9E-4,6
0.01489,48
0.02043,48
1.5E-4,24
0,24
0.00198,24
0.00165,48
0.00242,48
2E-4,48
4.8E-4,48
9.2E-4,48
0.00159,24
0.00837,48
8.2E-4,48
0.01641,48
4E-5,24
0.00742,48
0.01015,48
7E-5,24
0.01203,24
0.00605,24
0.00415,48
4.1E-4,48
0.00817,48
2E-5,24
9.8E-4,48
0.00206,48
0.00281,48
0,48
0.05099,48
6E-5,48
0.00635,48
0.00596,24
0.00302,24
4.9E-4,48
0.00102,48
0.00139,48
0,48
0.02537,48
3E-5,48
0.00315,48
6.3E-4,48
9E-5,24
0.04913,24
0.03169,48
0.01108,48
0.00491,24
0.00423,24
3.1E-4,48
5E-5,24
0.02442,24
6E-5,48
0.0037,48
2E-4,48
0.01195,24
0.01574,48
0.0055,48
0.00245,24
0.00211,24
0.00502,48
0.00171,48
0.00171,48
3E-5,48
0.00183,48
1E-4,48
0.00594,24
0.00428,48
0.01704,48
9.4E-4,48
0.00179,48
0.06428,48
0.00168,48
1.6E-4,48
0.0025,48
8.5E-4,48
8.6E-4,48
0.00213,48
0.00846,48
4.6E-4,48
9E-4,48
0.03194,48
8.3E-4,48
8E-5,48
0.0149,48
0.00428,48
0.00855,48
0.00724,48
0.03877,12
0.00742,48
0.00212,48
0.00424,48
0.0036,48
0.01054,48
0.11038,24
0.00187,48
0.00121,48
0.01068,24
0.01925,12
1E-4,48
0.03405,24
7E-4,48
0.00103,24
0.00523,48
0.05484,24
9.3E-4,48
6E-4,48
0.0053,24
0.17365,48
5.1E-4,48
6E-4,48
0.0456,48
5E-5,48
0.01693,24
3.5E-4,48
5.2E-4,24
0.02007,24
0.00623,24
0.08628,48
2.5E-4,48
3E-4,48
0.02268,48
0.00965,48
3.1E-4,48
0.00351,24
0.00998,24
0.0031,24
0.00825,24
0.10449,48
0.01709,48
0.00479,48
1.5E-4,48
0.00174,24
0.00321,48
0.00481,48
0.00662,48
0.00412,24
0.05186,48
0.00846,48
0.08871,24
0.00189,24
0.00159,48
0.00238,48
0.00328,48
0.04194,24
0.00336,48
4E-5,48
1E-4,24
0.01009,48
0.0885,48
0.04331,48
0.01276,48
0.04404,24
9.5E-4,24
0.01502,48
0.02083,24
0.00166,48
2E-5,48
5E-5,24
0.00503,48
0.04396,48
0.02154,48
0.00634,48
0.07979,48
5.8E-4,24
3.2E-4,48
2.8E-4,48
0.04306,24
0.00472,48
0.00745,48
0.01982,24
0.0162,48
0.0275,48
0.00598,48
0.03963,48
2.9E-4,24
1.6E-4,48
1.4E-4,48
0.0214,24
0.00235,48
5.6E-4,24
0.03507,48
0.00215,48
0.00985,24
0.00806,48
0.01365,48
0.00297,48
2.8E-4,24
0.01745,48
0.00106,48
0.00292,48
0.00451,48
9.7E-4,48
2.9E-4,48
4E-5,48
0.04122,48
0.02701,24
0.03099,24
0.00145,48
0.00225,48
4.9E-4,48
1.4E-4,48
2E-5,48
0.02049,48
0.01092,48
0.03881,48
7.2E-4,48
8E-5,48
0.00872,48
0.00142,48
0.01346,24
0.01537,24
0.01483,48
0.01185,24
1.2E-4,24
0.00542,48
0.01927,48
3.5E-4,48
4E-5,48
0.00434,48
7E-4,48
0.00256,48
0.03159,24
0.0115,48
9.4E-4,48
0.00738,48
0.0059,24
6E-5,24
0.02168,48
1E-4,48
0.00127,48
0.01569,24
0.00571,48
4.6E-4,48
0.00665,48
0.00212,48
8.1E-4,24
0.02011,48
0.00143,48
0.0101,48
0.01076,48
5E-5,48
0.02955,48
0.00103,24
0.0033,48
0.00106,48
4E-4,24
0.01001,48
7.1E-4,48
0.00501,48
3.7E-4,48
3E-5,48
7.7E-4,48
0.08011,48
0.00589,48
0.02685,48
0.01465,48
5.1E-4,24
0.01543,48
1.8E-4,48
1E-5,48
3.8E-4,48
0.03984,48
0.00292,48
0.01333,48
0.01063,48
0.00538,24
0.01168,24
0.00764,48
0.03307,48
0.00221,48
0.00528,48
0.00267,24
0.0058,24
0.00168,24
0.0078,48
0.0049,48
0.00125,48
0.00773,48
0.00413,48
4.6E-4,48
3E-5,48
0.01643,48
0.00109,48
0.04228,48
8.4E-4,24
0.00387,48
0.00243,48
6.2E-4,48
0.00383,48
0.00205,48
2.3E-4,48
2E-5,48
0.00792,48
0.00328,48
8E-5,48
0.00707,48
0.021,48
0.00393,48
0.00163,48
4E-5,48
0.00351,48
0.00578,48
0.00237,48
0.00272,48
0.02843,48
0.00474,24
0.00259,6
0.00287,48
0.00118,48
0.00136,48
0.01414,48
0.00229,48
1.7E-4,48
0.00451,48
0.00176,24
0.00292,24
0.02058,12
0.00234,24
0.00129,6
8.7E-4,24
0.01121,24
0.004,48
0.00114,48
8E-5,48
0.00224,48
8.7E-4,24
0.00145,24
0.01024,12
0.02062,48
0.02748,24
8.6E-4,48
0.00124,48
0.03546,24
4.3E-4,24
0.00558,24
0.00198,48
0.01889,48
0.00389,48
0.0147,48
0.00605,24
0.00641,24
0.01024,48
0.01368,24
4.2E-4,48
6.1E-4,48
0.01763,24
0.00347,48
0.02209,24
0.00501,48
1.2E-4,48
0.0015,48
0.00941,48
0.00193,48
0.0073,48
0.00301,24
0.0032,24
0.00878,8
0.01119,48
0.00173,48
0.01099,24
0.00248,48
6E-5,48
7.5E-4,48
0.04171,48
0.0048,48
0.00678,48
1.6E-4,48
0.0717,48
0.00437,8
0.00554,48
0.00899,24
0.02076,48
0.00238,48
0.00338,48
8E-5,48
0.03563,48
0.00168,48
0.02592,24
0.00725,48
2E-5,48
0.01071,24
0.00145,48
1E-5,48
8.3E-4,48
1.7E-4,24
0.01521,24
0.00445,24
9.5E-4,24
0.00961,48
0.01191,48
0.05355,48
8.4E-4,48
0.01288,24
0.0036,48
1E-5,48
0.00533,24
7.2E-4,48
1E-5,48
4.1E-4,48
0.00756,24
9E-5,24
0.00202,48
0.00308,48
4.8E-4,24
0.00478,48
0.00593,48
0.02661,48
0.02693,24
0.00495,48
1E-4,48
0.00101,48
0.00152,48
0.00116,48
0.02017,48
1E-5,48
0.03161,48
0.00483,48
0.00776,48
0.01337,24
0.00247,48
5E-5,48
5.8E-4,48
0.01004,48
0.0157,48
1E-5,48
0.00241,48
0.00385,48
0.00698,48
0.00116,48
0.00725,48
0.00852,24
0.00365,48
0.00348,48
5.8E-4,48
0.0036,48
1.4E-4,24
0.03889,48
1E-4,48
0.00138,24
0.00422,24
0.00183,48
0.00404,24
0.02814,24
0.00238,48
0.02228,24
4E-5,24
7E-5,24
0.01934,48
5E-5,48
6.9E-4,24
0.00447,48
4E-5,48
0.03219,48
0.02317,48
1.2E-4,24
0.02224,48
0.00237,48
2.4E-4,48
9.2E-4,48
0.00201,24
0.01398,24
0.00119,48
0.01106,24
2E-5,24
3E-5,48
0.00663,48
0.00222,48
2E-5,48
0.01601,48
0.01153,48
6E-5,24
0.01105,48
0.00118,48
1.2E-4,48
4.5E-4,48
9E-5,48
0.00151,48
0.00882,48
2E-5,48
0.0033,48
0.00253,48
0.01346,48
4E-5,48
7.5E-4,48
0.00438,48
0.00873,48
7E-4,48
0.01042,48
0.00127,48
0.00672,48
0.00433,48
3.5E-4,48
0.00517,48
0.00313,48
0.02583,24
7.2E-4,48
0.01891,48
8.9E-4,48
0.00192,48
4.5E-4,48
5.6E-4,48
0.00743,48
6.2E-4,24
2.9E-4,48
0.00115,24
0.00155,48
0.01284,24
3.6E-4,48
0.00939,48
4.4E-4,48
9.5E-4,48
2.3E-4,48
2.8E-4,48
0.0037,48
3.1E-4,24
0.01013,48
0.00548,48
6.6E-4,48
7.4E-4,48
0.02706,48
1.4E-4,48
5.7E-4,24
0.00375,48
1.1E-4,48
0.00505,48
0.00272,48
3.3E-4,48
3.7E-4,48
0.01346,48
2.2E-4,48
0.04242,48
0,48
0.00931,24
0.00186,48
5E-5,48
1.1E-4,48
0.02108,48
0.00462,24
0,48
6.1E-4,48
4E-5,48
0.00376,48
0.00297,48
0.01208,48
0.00338,24
0.00188,48
0.00148,48
2E-5,48
3.1E-4,48
0.00599,48
2.4E-4,48
0.00126,48
0.00687,24
7.1E-4,24
9.5E-4,48
0.00167,24
0.00371,48
0.00171,48
0.03598,48
0.00211,48
1.2E-4,48
6.3E-4,48
0.00341,24
3.5E-4,24
4.8E-4,48
4.1E-4,48
0.00782,24
6E-5,48
2.8E-4,48
0.00806,24
0.00184,48
8.5E-4,48
0.01788,48
0.00105,48
0.0103,12
0.00419,24
0.02703,24
0.03104,48
2E-4,48
0.00388,24
3E-5,48
1.4E-4,48
0.004,24
0.00696,48
6.1E-4,24
0.04063,24
0.05617,48
0.00137,48
0.00461,48
1.1E-4,48
0.00816,48
1.2E-4,24
0.00512,12
0.00207,24
0.01343,24
0.01542,48
0.03812,24
0.00345,48
3E-4,24
0.02019,24
0.02793,48
6.8E-4,48
0.00229,48
6E-5,48
0.00405,48
6E-5,24
0.00195,48
0.0668,48
0.00849,48
7.9E-4,48
0.01353,48
0.01265,48
1.5E-4,48
0.01892,24
0.01203,24
0.01564,24
0.00222,48
9.7E-4,48
0.03318,48
0.00421,48
3.9E-4,48
0.00672,48
0.00629,48
8E-5,48
0.02716,48
0.00601,48
0.006,24
0.00776,24
0.00109,48
0.00743,48
0.0097,48
0.01352,48
0.00298,48
6E-4,24
0.01057,48
0.00771,48
0.00144,48
0.00116,48
4.3E-4,48
0.00369,48
0.00482,48
0.03877,48
0.00569,24
0.00764,48
3E-4,24
0.00525,48
0.00384,48
7.1E-4,48
5.8E-4,48
2.1E-4,48
0.00934,24
0.0042,48
0.03575,48
0.03015,48
3.2E-4,48
2.1E-4,48
3.1E-4,48
0.00466,48
0.01926,48
0.00283,24
0.0038,48
0.00464,24
0.00209,48
0.01775,48
0.015,48
1.6E-4,48
1.1E-4,48
1.5E-4,48
0.00231,48
0.01786,48
0.00184,48
0.00985,48
0.03306,48
0.00886,48
9.2E-4,48
0.00489,48
0.01467,48
0.00234,48
2.7E-4,48
0.03223,24
3.5E-4,48
0.00591,48
0.00452,24
0.0164,48
0.00728,48
1.5E-4,24
0.00157,6
0.0073,48
0.00117,48
1.3E-4,48
0.01602,24
1.7E-4,48
0.00293,48
0.00224,24
7.5E-4,48
0.00613,48
0.0206,24
0.00182,48
0.00906,48
0.00137,24
0.00362,48
7E-5,24
7.8E-4,6
2.2E-4,24
0.0138,48
0.00215,24
2.1E-4,48
3.7E-4,48
0.00304,48
0.01024,24
9E-4,48
0.0045,48
6.8E-4,24
6.8E-4,48
0.01253,48
0.04187,48
1.1E-4,24
0.00685,48
0.00107,24
1.1E-4,48
0.02807,24
0.00458,48
0.00899,24
0.01153,24
3.4E-4,48
0.00622,48
0.02081,48
0.00982,48
0.02168,48
0.00119,48
2E-5,48
2E-5,48
7.1E-4,48
0.00182,48
4.2E-4,48
0.01393,24
0.00226,48
0.00449,24
0.00572,24
0.01082,24
0.00487,48
0.01077,48
5.9E-4,48
1E-5,48
1E-5,48
3.5E-4,48
9.1E-4,48
2.1E-4,48
1E-5,48
0.006,48
0.0032,48
6.7E-4,48
0.0054,24
6E-4,48
2.3E-4,24
0.02456,48
9.6E-4,48
0,48
0.00298,48
0.00159,48
3.4E-4,48
0.00425,48
0.00609,24
1.9E-4,48
3E-4,48
1.1E-4,24
0.01219,48
4.7E-4,48
0.02683,48
2.1E-4,48
1E-5,48
0.00212,48
0.00303,24
9E-5,48
0.00574,48
3.3E-4,48
8.5E-4,48
5.7E-4,48
0.00162,48
3E-5,24
0.01031,48
0.01332,48
1.1E-4,48
1E-5,48
0.00285,48
1.7E-4,48
4.2E-4,48
2.8E-4,48
8.1E-4,48
2E-5,24
0.00512,48
4.4E-4,48
1.3E-4,48
0.00391,48
0.00244,48
0.0031,24
2.2E-4,48
6E-5,48
0.00194,48
0.00121,48
0.00538,48
5.8E-4,24
0.03282,48
0.01541,48
6.4E-4,48
0.00535,48
2.2E-4,24
0.00155,24
0.01532,24
0.00461,24
0.00267,48
2.9E-4,24
0.01633,48
0.00766,48
3.2E-4,48
0.00266,48
1.1E-4,24
9E-5,48
0.01512,48
5E-5,48
0.01586,48
0.01164,48
0.0043,48
8.8E-4,48
0.00338,48
0.00761,24
0.00229,24
0.00198,24
0.01203,48
0.00458,24
4E-5,48
0.00751,48
3E-5,48
0.00789,48
0.00579,48
0.00213,48
4.4E-4,48
0.00167,48
4E-5,48
0.00114,48
4.8E-4,48
5.5E-4,48
3.5E-4,48
0.00135,48
9.9E-4,24
0.00596,48
0.00228,24
0.01327,24
0.01457,48
6.2E-4,48
2E-5,48
5.6E-4,48
2.7E-4,48
2.4E-4,48
1.7E-4,48
6.7E-4,48
8.1E-4,48
0.00423,48
3E-4,48
0.00661,24
0.00722,48
3E-4,48
0.00507,48
5.8E-4,24
4E-4,48
0.0021,48
1.5E-4,48
0.00241,12
4.1E-4,48
4E-5,48
0.0104,48
0.02229,24
0.0035,48
0.00251,48
2.9E-4,24
0.03182,48
0.00143,24
3E-5,48
0.0012,12
2E-4,48
2E-5,48
0.00517,48
0.01107,24
0.00174,48
0.00695,48
0.00407,24
4.3E-4,48
2E-5,48
4.3E-4,24
0.01493,24
0.00246,48
0.01581,48
7.2E-4,24
2E-5,48
0.00285,48
0.02571,48
7E-5,48
0.00346,48
0.00203,24
2.2E-4,48
1E-5,48
2.1E-4,24
0.00742,24
0.00122,48
0.02581,48
0.00218,24
0,48
0.00166,24
0.00142,48
0.01278,48
4E-5,48
0.01282,48
0.00109,24
0,48
8.2E-4,24
0.00431,48
0.0022,48
4E-5,48
8.9E-4,48
0.00371,48
2E-5,48
0.00566,48
2.1E-4,48
0.01714,48
0.00251,48
1E-4,48
0.00214,48
0.0011,48
2E-5,48
4.4E-4,48
0.00184,48
1E-5,48
0.00281,48
1.1E-4,48
0.00852,48
0.00124,48
0.00197,48
5.1E-4,24
0.00215,24
0.00629,48
0.00987,24
0.00526,48
1.4E-4,24
5E-5,48
2E-4,24
0.02639,48
6.9E-4,48
0.01568,48
7E-4,24
9.8E-4,48
2.6E-4,24
0.00107,24
0.00491,24
0.00312,48
0.00261,48
7E-5,24
3E-5,48
3E-5,48
1E-4,24
0.01311,48
3.4E-4,48
0.00779,48
3.5E-4,24
0.00272,48
0.00117,48
0.0024,48
1E-5,48
2E-5,48
5.9E-4,48
5.5E-4,48
0.00818,48
0.00137,48
0.0023,48
1E-5,24
0.00496,48
0.00135,48
5.8E-4,48
0.0012,48
0.00225,24
0.00324,24
3E-4,48
2.8E-4,48
0.00407,48
6.8E-4,48
0.00114,48
1E-5,24
0.00247,48
0.00241,48
0.00265,48
4.2E-4,48
0.00112,48
1.5E-4,48
0.03312,48
0.00111,24
0.00161,24
0.0012,48
0.00131,48
2.1E-4,48
5.6E-4,48
8E-5,48
0.01647,48
4E-4,48
0.00222,24
0.01486,48
0.00136,48
6.1E-4,48
0.01042,24
5.2E-4,48
0.00398,48
5E-5,48
0.00355,48
2E-4,48
0.0011,24
0.00738,48
6.8E-4,48
3E-4,48
0.00517,24
0.0019,48
0.00486,48
3.5E-4,24
0.00242,48
0.00166,48
0.01766,48
2.6E-4,48
0.00198,48
2E-5,48
0.00176,48
0.00104,48
9.5E-4,48
0.00242,48
1.7E-4,24
0.0012,48
8.3E-4,48
0.00877,48
1E-5,48
6.9E-4,48
6.1E-4,48
5.2E-4,48
1E-5,48
3.5E-4,48
3E-4,48
0.00308,48
0.00149,48
5E-5,48
3.9E-4,48
0.00902,48
0.00138,48
0.00152,8
0.00153,48
7.4E-4,48
2E-5,48
1.9E-4,48
0.00449,48
6.8E-4,48
0.0028,48
1.5E-4,48
2.9E-4,48
3.4E-4,48
4E-4,48
1.3E-4,48
3.3E-4,48
0.00915,48
7.6E-4,8
0.01399,24
0.00378,24
0.00139,48
8E-5,48
1.4E-4,48
1.7E-4,48
2E-4,48
6E-5,48
1.6E-4,48
0.00454,48
2E-5,24
0.01379,24
5.9E-4,48
0.00157,48
6E-5,48
0.00331,48
0.00247,48
0.02112,24
9E-5,48
0.00695,24
0.00188,24
0.00364,48
0.02929,48
9E-5,48
3.4E-4,24
0.00908,24
1.7E-4,48
1E-5,24
0.00685,24
2.9E-4,48
7.8E-4,48
3E-5,48
0.00164,48
0.00122,48
0.0105,24
4E-5,48
0.00401,48
0.00217,48
0.00159,48
9E-4,24
0.0018,48
0.01456,48
5E-5,48
1.7E-4,24
0.00451,24
8E-5,48
8.8E-4,48
0.00214,48
0.00199,48
0.00108,48
7.9E-4,48
4.5E-4,24
0.00165,48
0.01657,48
6E-5,48
0.00563,48
0.01765,48
5.3E-4,48
4.4E-4,48
0.00106,48
0.0026,6
0.00304,48
8.2E-4,48
0.00823,48
3E-5,48
0.0028,48
0.00877,48
2.7E-4,48
5.4E-4,48
0.00232,24
0.00621,48
5.1E-4,24
3.1E-4,48
0.00129,6
0.00152,48
0.00226,48
0.00102,48
1E-5,24
2.7E-4,48
0.00115,24
0.00309,48
2.5E-4,24
1.5E-4,48
0.00284,48
0.00754,48
0.00118,48
0.00981,48
0.00112,48
5.1E-4,48
1E-5,24
6E-5,24
0.00348,48
0.01754,24
0.00138,24
0.00141,48
0.00374,48
5.9E-4,48
0.00487,48
0.00372,48
0.00123,48
0.00561,48
0.00198,48
0,48
2.7E-4,48
0.00364,48
8.4E-4,48
0,48
1E-5,48
0.004,24
3E-5,24
0.00173,48
0.00872,24
6.8E-4,24
0.00185,48
6.1E-4,48
0.00279,48
9.8E-4,48
0,48
1.3E-4,48
0.00181,48
4.2E-4,48
0,48
0,48
0.00199,24
8E-4,48
0,48
0.00697,48
1.3E-4,48
3.5E-4,48
0.00889,12
0.00623,24
4E-4,48
0,48
0.00346,48
6E-5,48
2.5E-4,48
0.0128,24
2.7E-4,48
0.00106,24
1.8E-4,48
0.00441,12
0.00308,24
0.00826,24
2.8E-4,48
0.00242,24
7.2E-4,48
0.00636,24
1.2E-4,48
1.3E-4,48
5.3E-4,24
0.00937,48
0.00105,48
6.4E-4,48
6E-5,48
0.02103,48
0.01857,48
0.00253,48
0.00411,24
1.4E-4,48
0.0012,24
3.6E-4,48
0.00303,48
0.00212,24
0.00465,48
5.3E-4,48
3.2E-4,48
3E-5,48
0.01044,48
0.00924,48
0.00126,48
7.7E-4,48
8.2E-4,24
0.00499,48
9E-4,48
6E-4,48
1E-5,48
2.2E-4,48
9.5E-4,48
0.00509,48
0.0015,48
0.00105,24
0.00936,48
3.3E-4,48
3.8E-4,48
4E-4,24
0.00248,48
4.5E-4,48
3E-4,48
1E-5,48
4.7E-4,48
1.1E-4,48
0.00253,48
0,48
2.2E-4,48
5.6E-4,48
0.00464,48
1.7E-4,48
0.01377,24
0.00851,24
0,48
1.1E-4,48
2.8E-4,48
0.00789,48
8.2E-4,48
1.5E-4,24
4.8E-4,24
7.2E-4,48
1.6E-4,48
0.00659,48
0.00349,48
0.00684,24
0.00422,24
3.9E-4,24
0.00647,48
3.1E-4,24
0.00391,48
4.1E-4,48
7E-5,24
2.4E-4,24
3.6E-4,48
8E-5,48
0.00327,48
0.00174,48
3.3E-4,48
7E-5,48
0.00401,24
0.00163,24
0.00634,48
0.00287,48
1.9E-4,24
0.00321,48
1.6E-4,24
0.00235,48
8E-5,48
0.00357,48
8.6E-4,48
7.1E-4,48
1.6E-4,48
3E-5,48
0.00199,24
8.1E-4,24
0.00315,48
0.00143,48
4E-5,48
0.00276,48
1.8E-4,48
0.00116,48
4E-5,48
0.00177,48
4.3E-4,48
3.5E-4,48
0.00501,48
4E-5,48
0.0013,48
0.00378,48
4E-4,48
2E-5,48
0.00137,48
9E-5,48
3E-4,24
0.00223,48
5.6E-4,48
5E-5,48
0.00371,24
0.00697,24
0.0025,48
2E-5,48
6.4E-4,48
0.00188,48
2E-4,48
0.01401,24
0.00148,48
0.00218,48
0.00622,48
0.00237,24
9.4E-4,48
1.5E-4,24
0.00129,48
0.00205,48
7.5E-4,48
0.00508,24
0.00111,48
2.8E-4,48
2E-5,48
0.00184,24
0.00347,24
1E-5,48
0.00495,48
0.00696,24
7.3E-4,48
0.00108,48
0.00308,48
0.00118,24
4.7E-4,48
0.00523,48
0.00537,48
1.3E-4,48
4E-4,48
3.6E-4,24
3E-5,48
0.00175,48
6.4E-4,48
0.00102,48
3.7E-4,48
0.00253,24
1E-5,24
0.00921,48
1E-5,48
0.00246,48
0.00131,48
0.0035,48
0.00355,48
6.8E-4,48
3.5E-4,48
5.3E-4,48
0.00227,48
8.7E-4,48
7.7E-4,48
1.4E-4,48
0.0026,48
0.00267,48
6E-5,48
2E-4,48
1.8E-4,24
2E-5,48
8.7E-4,48
3E-4,48
0.00371,24
0,24
0.00456,48
0.00372,24
2.1E-4,48
0.00143,48
0.00259,24
1.1E-4,24
7E-5,48
9.7E-4,24
6.5E-4,48
0.00174,48
0.00176,48
3.4E-4,48
1.7E-4,48
2.6E-4,48
0.00113,48
4.3E-4,48
3.8E-4,48
7E-5,48
0.00518,48
2.4E-4,48
1.4E-4,48
0.00184,24
0.00197,48
0.00373,48
0.00608,48
1E-4,48
1.5E-4,48
5.1E-4,48
5.9E-4,48
0.00369,48
2E-5,48
0.00348,48
4.9E-4,48
0.00184,24
1E-4,48
7.1E-4,48
0.00129,24
5E-5,24
4E-5,48
4.8E-4,24
0.00147,24
8.7E-4,48
0.00257,48
1.2E-4,48
0.00252,48
5E-4,48
3E-5,48
0.00986,48
9.8E-4,48
0.00186,48
0.00302,48
5E-5,48
8E-5,48
2.5E-4,48
2.9E-4,48
0.00184,48
1E-5,48
0.00173,48
2.4E-4,48
7.3E-4,24
4.3E-4,48
3.8E-4,48
0.00379,48
2.5E-4,48
1E-5,48
0.00126,48
0.00491,48
0.01126,24
2E-5,24
0.00437,48
0.00356,48
2.3E-4,48
0.00591,24
2E-5,48
0.00471,48
1.5E-4,48
1.9E-4,24
0.00172,48
7E-4,48
4E-4,48
3.9E-4,48
7E-5,48
1.9E-4,48
0.00188,48
5E-5,48
5.3E-4,48
1E-5,24
0.00559,24
0.00216,48
3.1E-4,48
9E-5,48
0.0036,48
7.6E-4,48
0.00177,48
1.1E-4,48
0.00294,24
3E-5,48
1.9E-4,48
2E-4,48
3.5E-4,48
8.6E-4,48
1E-5,48
0.00234,48
1E-4,24
7E-5,48
0.00215,48
0.00131,48
0.00135,24
2E-5,48
2.6E-4,48
0.00405,48
5.5E-4,48
0.00267,48
3.1E-4,48
3.4E-4,48
1.6E-4,48
4E-5,48
0.00179,48
3.8E-4,48
2.8E-4,24
2.3E-4,48
6.1E-4,24
0.00106,48
6.5E-4,48
6.7E-4,24
0.00434,48
0.00195,48
0.00123,48
1E-5,48
0.00102,48
0.00201,48
2.7E-4,48
1.5E-4,48
0.00133,48
1.7E-4,48
1.4E-4,24
1.2E-4,48
3E-4,24
0.00469,24
3.2E-4,48
0.00169,48
3E-5,48
0.0036,48
8E-4,48
6.4E-4,48
1E-5,12
0.00216,48
9.7E-4,48
6.1E-4,48
1E-5,48
5.1E-4,48
1.7E-4,24
0.0032,48
0.00144,24
6.8E-4,48
0.00137,48
0.00167,48
4.8E-4,48
1E-5,48
2.4E-4,48
3E-5,24
0.00233,24
1.6E-4,48
8.4E-4,48
1E-5,48
0.00179,48
4E-4,48
3.2E-4,48
1E-5,12
0.00432,48
1E-4,48
5.3E-4,48
8E-5,24
0.00158,48
7.2E-4,24
3.4E-4,48
6.8E-4,48
6.6E-4,48
0.00224,24
4.1E-4,24
6E-5,48
0.00131,48
0.00383,48
0.0028,48
8.3E-4,48
2.4E-4,48
0,48
2E-5,24
1.2E-4,48
0.00215,48
5E-5,48
2.6E-4,48
0.00489,48
6.3E-4,48
7E-5,48
9.5E-4,48
1.7E-4,48
1.7E-4,48
0.00409,48
3.3E-4,48
0.00111,24
2E-4,24
3E-5,48
6.5E-4,48
0.0019,48
0.0014,48
5.5E-4,48
0.00139,48
0.00109,24
4.6E-4,48
9.3E-4,24
0.00243,48
3.2E-4,48
4E-5,48
4.7E-4,48
9E-5,48
8E-5,48
0.00203,48
1.8E-4,48
0.00256,24
3.3E-4,6
0.00199,48
0.00392,24
2.7E-4,48
2.1E-4,48
0.00207,48
3.1E-4,24
2.8E-4,24
3E-5,48
8.8E-4,48
3.8E-4,48
0.00176,48
6.9E-4,48
5.4E-4,24
2.3E-4,48
4.6E-4,24
0.00348,24
0.00378,48
3.5E-4,24
9E-5,48
0.00127,24
1.6E-4,6
9.9E-4,48
0.00195,24
0,48
0.00499,48
0.0012,48
0.00138,48
0.00393,48
0.00101,48
1E-4,48
1E-4,48
0.00103,48
1.5E-4,24
1.4E-4,24
2E-5,48
4.4E-4,48
1.9E-4,48
8.8E-4,48
0.00529,48
0.00235,24
6E-5,48
0.00173,24
0.00188,48
1.7E-4,24
5E-5,48
3.4E-4,48
0,48
3.5E-4,48
0,48
0.00248,48
6E-4,48
6.9E-4,48
0.00195,48
5E-4,48
5E-5,48
1E-4,24
2.3E-4,24
0.00262,48
0.00116,24
3E-5,48
2E-5,48
7.2E-4,48
4E-4,24
0.00138,48
0.00276,48
0.00521,48
3.3E-4,48
0.00419,24
0.00328,48
1E-5,48
3E-5,48
1.7E-4,48
0,48
1.7E-4,48
4.7E-4,48
0.00174,24
0.00185,48
5E-5,24
1.1E-4,24
1.4E-4,48
0.00866,48
1.9E-4,24
0.00362,24
4.2E-4,24
0.00172,24
1E-5,48
3.6E-4,48
2E-4,24
6.9E-4,48
0.00137,48
0.00259,48
1.6E-4,48
0.00208,24
0.00163,48
1E-5,48
0.0028,48
3.9E-4,48
8E-5,48
2E-5,48
0.00119,48
8.6E-4,24
2.3E-4,48
9.2E-4,48
6E-5,48
0.00146,48
4.7E-4,24
2E-5,48
3.7E-4,48
7E-5,48
0.0043,48
9E-5,24
0.0018,24
2.1E-4,24
8.5E-4,24
0.00139,48
1.9E-4,48
4E-5,48
1E-5,48
5.9E-4,48
0.00132,48
0.00135,48
0.00134,48
1E-5,48
0.00275,48
0.00192,48
0.00147,48
4E-5,48
1.5E-4,48
0,48
3E-5,48
7.3E-4,48
2.3E-4,24
1E-5,48
1.8E-4,48
3.1E-4,24
9.3E-4,48
0.00427,48
9.2E-4,48
1.6E-4,48
9.8E-4,48
0.00455,48
6.5E-4,48
6.7E-4,48
6.7E-4,48
0,48
0.00136,48
9.5E-4,48
7.3E-4,48
2E-5,48
7E-5,48
0,48
2E-5,48
1.4E-4,24
0.0061,24
9.5E-4,48
1.5E-4,24
4.7E-4,48
1.5E-4,48
1.1E-4,48
0.00145,24
5E-5,48
0.002,48
8.9E-4,48
4.6E-4,48
0.00212,48
4.6E-4,48
8E-5,48
4.9E-4,48
0.00226,48
3E-5,48
1.9E-4,48
0,24
9.5E-4,48
0.00788,48
7E-5,24
1E-5,48
0.00303,24
4.7E-4,48
0.00244,48
2E-5,48
6.4E-4,48
0.00231,48
2.3E-4,48
8E-5,48
5E-5,48
7.2E-4,24
2E-5,48
9.9E-4,48
4.4E-4,48
0.00326,48
2E-5,48
1E-4,48
0,24
4.7E-4,48
0.00391,48
0.00284,48
9.2E-4,48
3.3E-4,48
0.00121,48
1E-5,48
3.2E-4,48
0.00115,48
0.00456,24
2.3E-4,48
0.00162,48
0.00255,48
0.00139,48
0.00141,24
5.2E-4,48
0.00171,24
0.00141,48
4.6E-4,48
1.6E-4,48
1E-5,48
0.00694,48
9.1E-4,48
0.00226,24
1.1E-4,48
4.9E-4,48
2.2E-4,24
1.2E-4,48
7E-4,48
7.4E-4,48
2.6E-4,48
8E-5,48
8.5E-4,48
2.7E-4,48
1E-5,48
0,48
0.00127,48
6.9E-4,48
7E-4,24
2.6E-4,48
8.5E-4,24
3.7E-4,48
2.5E-4,48
1E-5,48
0.00344,48
4.5E-4,48
0.00101,48
3.7E-4,48
5.1E-4,48
3.2E-4,48
0.00157,48
0.00114,48
5E-5,48
0.00933,24
2.4E-4,48
6E-5,48
1.1E-4,24
3.4E-4,48
3.7E-4,48
1.3E-4,48
4E-5,48
4.3E-4,48
1.4E-4,48
1E-5,48
0,48
1.9E-4,48
1.3E-4,48
8.7E-4,48
0.00207,48
1E-5,48
0.01336,48
5E-4,48
1.8E-4,48
2.5E-4,48
1.6E-4,48
7.8E-4,48
5.7E-4,48
2E-5,48
0.00464,24
4E-5,48
0.00644,48
0.00132,48
1.4E-4,48
0.00229,48
8.4E-4,48
8E-5,24
6.7E-4,24
4.4E-4,48
0.00103,48
1E-5,48
0.00664,48
0.0032,48
7E-5,24
2.1E-4,24
6.9E-4,48
0.00127,48
0.00174,48
2.3E-4,48
4.3E-4,48
7.9E-4,48
7E-5,48
2E-5,48
0.0032,48
6.5E-4,48
7E-5,48
0.00114,48
4.2E-4,48
4E-5,24
3.3E-4,24
1.8E-4,24
5.2E-4,48
0.00366,48
3.8E-4,12
0.00159,48
4E-5,24
1E-4,24
3.5E-4,48
7.6E-4,48
9.7E-4,24
0.00722,48
1.8E-4,24
8.7E-4,48
6.3E-4,48
1.2E-4,48
2.2E-4,48
3.9E-4,48
4E-5,48
7.5E-4,8
1.6E-4,48
0.00163,24
0.00145,24
9E-5,24
2.6E-4,48
0.00182,48
1.9E-4,12
0.00145,48
0.00107,48
0.00748,48
4E-5,48
0.00433,48
0.00138,48
0.00113,48
0.00205,48
2.6E-4,48
3.8E-4,48
4.8E-4,24
0.00359,48
9E-5,24
0.00228,48
1.3E-4,24
3.7E-4,8
8E-5,48
8E-4,24
7.2E-4,24
0.00172,24
0,24
2E-5,48
2E-5,48
2E-5,48
0.00107,48
0.00209,48
7.2E-4,48
5.3E-4,48
0.00372,48
2E-5,48
0.00215,48
6.8E-4,48
5.6E-4,48
0.00102,48
1.3E-4,48
0.0019,48
3.4E-4,48
9.8E-4,48
0.00266,24
0.00113,48
7E-5,24
0,48
0.00144,24
8E-5,48
8.6E-4,24
0,24
1E-5,48
1E-5,48
1E-5,48
5.3E-4,48
0.00104,48
3E-4,24
0.00898,48
0.00226,48
0.00115,24
9.4E-4,48
1.7E-4,48
4.9E-4,48
0.00132,24
6.2E-4,48
1.4E-4,48
6.9E-4,48
5.2E-4,48
0.00239,48
0.00233,24
0.00173,48
9.8E-4,48
0.00137,24
9.3E-4,48
0.00139,48
2E-5,48
0,48
7.2E-4,24
4E-5,48
1.5E-4,24
0.00446,48
0.00113,48
5.7E-4,24
1.6E-4,48
8E-5,48
0.00387,48
8.8E-4,48
4E-5,48
0.00335,48
0.00167,48
5.4E-4,48
0.00355,48
3.1E-4,48
7E-5,48
3.4E-4,48
2.6E-4,48
0.00119,48
0.00116,24
8.6E-4,48
4.8E-4,48
6.8E-4,24
4.6E-4,48
6.9E-4,48
1E-5,48
3.8E-4,48
3.9E-4,48
1E-5,48
1.9E-4,48
0.00167,48
0.0058,48
8E-5,48
2E-5,48
4E-5,48
0.00193,48
4.4E-4,48
0.00167,48
8.3E-4,48
2.7E-4,48
0.00176,48
5E-5,24
0,24
1.1E-4,48
0.00216,48
1.9E-4,48
2E-4,48
2.3E-4,48
0.00284,48
0.00191,48
6E-4,48
7.8E-4,48
5E-5,48
5E-5,24
1E-5,48
9E-5,48
8.3E-4,48
0.00288,48
1E-3,48
0.00832,24
0.00158,48
0,24
2E-5,24
0,24
5E-5,48
0.00107,48
4E-4,48
0.00244,48
1E-5,48
0.00166,48
1.1E-4,48
0.00141,48
9.5E-4,48
3E-4,48
3.9E-4,48
3E-5,48
3E-5,24
0.00205,48
0.00756,48
0.00498,24
0.00174,48
5E-4,48
0.00414,24
7.9E-4,48
0,24
2E-5,48
9.4E-4,48
8.3E-4,48
2.5E-4,48
4.4E-4,48
2E-4,48
0.00122,48
0,48
8.3E-4,48
0.00378,48
0.00101,48
0.00247,24
8.6E-4,48
1.3E-4,48
1.4E-4,48
0.00134,48
0.00271,24
0.00172,24
3.4E-4,48
0.00117,48
5.3E-4,48
1E-5,48
4.7E-4,48
4.1E-4,48
1.2E-4,48
2.2E-4,48
2.1E-4,48
1E-4,48
0.00233,48
0.00447,48
0.0038,48
2.8E-4,24
7E-5,48
0.00385,48
1E-5,48
7E-5,48
7E-5,48
6.6E-4,48
0.00135,24
8.6E-4,24
1.7E-4,48
5.8E-4,48
2.7E-4,48
8.3E-4,48
0.0112,48
0.0052,48
5E-5,48
1.1E-4,48
5E-5,48
0.0091,24
0.00318,48
0.00213,48
6E-5,48
5E-5,48
0.00116,48
0.00222,48
0.00189,48
1.4E-4,24
3E-5,48
0.00192,48
1E-5,48
4.1E-4,48
0.00258,48
0.00558,48
3E-5,48
1E-5,48
4E-5,48
1.2E-4,48
6.5E-4,48
2.4E-4,48
0.00114,48
1.8E-4,48
0.015,48
0.00158,48
2E-5,48
0.00454,24
0.00106,48
3E-5,48
8E-5,6
0.00127,48
0.00316,48
2.5E-4,24
8E-5,48
9.1E-4,48
5E-5,48
1.9E-4,24
0.00178,24
7.8E-4,48
0.00152,24
1E-5,48
2E-5,48
6E-5,48
3.2E-4,48
1.2E-4,48
5.7E-4,48
9E-5,48
0.00748,48
0,48
4.4E-4,48
6.7E-4,48
8.7E-4,24
7.3E-4,24
4E-5,6
0.00186,48
5E-5,48
1.9E-4,48
6.3E-4,48
0.00158,48
1.3E-4,24
4E-5,48
4.5E-4,48
2E-5,48
9E-5,24
8.8E-4,24
3.9E-4,48
7.6E-4,24
0.00113,24
0.00188,48
0.00527,24
0,48
2.2E-4,48
3.3E-4,48
4.3E-4,24
3.6E-4,24
3.9E-4,48
2.6E-4,48
0.00217,48
8.7E-4,48
0.00193,48
0.00489,48
5.9E-4,48
0.00817,48
0.00251,48
5E-5,48
0.00106,48
9.3E-4,48
3E-5,48
9E-5,48
5E-5,48
1.1E-4,48
5.6E-4,24
9.4E-4,48
0.00262,24
9.9E-4,48
8.6E-4,48
6E-5,48
1.3E-4,48
0.00108,48
2E-4,48
4.3E-4,48
9.6E-4,48
0.00243,48
3E-4,48
0.00407,48
0.00125,48
2E-5,48
5.3E-4,48
6E-5,24
0.00793,48
0.00362,24
3E-5,48
6E-5,48
0.00102,48
0.00135,48
1.2E-4,24
2E-4,24
4.9E-4,48
4.3E-4,48
3E-5,48
0.00369,48
2.2E-4,48
2.7E-4,24
2.2E-4,48
0.01365,48
3E-5,24
0.00394,48
0.00181,24
1.2E-4,48
4.1E-4,24
0.00296,48
6E-5,48
0.00179,48
4.6E-4,48
0.00285,48
2.7E-4,48
4.4E-4,48
5.4E-4,48
0.00149,48
5E-4,48
6.7E-4,48
6E-5,24
1E-4,24
5.8E-4,24
3E-5,48
0.00184,48
1.1E-4,48
1.3E-4,24
1.1E-4,48
0.0068,48
0.00269,48
2.3E-4,48
3.4E-4,48
4.9E-4,48
0,48
0.0076,48
1.9E-4,48
6E-5,48
2E-4,24
0.00147,48
3E-5,48
8.9E-4,48
2.3E-4,48
0.00142,48
1.4E-4,48
2.2E-4,48
2.7E-4,48
7.4E-4,48
2.9E-4,24
1E-5,48
2.2E-4,48
5.9E-4,48
0.00114,48
9E-5,48
0.00134,48
1.2E-4,48
1.7E-4,48
2.4E-4,48
0,48
0.00378,48
1E-4,48
8.4E-4,24
0.00162,48
6.7E-4,24
0.00137,48
4.5E-4,48
0.00134,12
4E-4,48
8E-4,48
2.2E-4,48
4.9E-4,48
1.1E-4,48
3E-4,48
5.7E-4,48
5E-5,48
4.9E-4,48
0.00492,24
4.9E-4,24
4.2E-4,24
8.1E-4,48
3.3E-4,24
1.9E-4,48
0.00298,24
0.00341,48
6.5E-4,24
0.00751,48
1.8E-4,24
3E-5,48
0.00736,48
1.2E-4,48
6.8E-4,48
2.3E-4,48
6.7E-4,12
2E-4,48
4E-4,48
1.1E-4,48
2.4E-4,48
1.8E-4,48
1.2E-4,48
0.00129,48
0.00828,48
7E-5,48
2.4E-4,48
0.00245,24
2.4E-4,24
2.8E-4,48
0.0028,48
0.00177,48
0.00404,24
0.00223,48
0.00366,24
9E-5,48
0.00148,24
0.0017,48
3.2E-4,24
0.00374,48
9E-5,24
2E-5,48
0.00366,48
6E-5,48
3.5E-4,24
0.01338,24
9E-5,48
6E-5,48
6.4E-4,48
0.00412,48
3E-5,48
0.00582,48
0,48
6.5E-4,48
4E-5,48
3.2E-4,48
1.8E-4,48
0.00425,48
0.00621,48
0.00124,48
1.4E-4,48
0.00139,48
8.8E-4,48
0.00202,24
0.00111,48
0.00182,24
7E-5,24
1.7E-4,24
0.00666,24
1E-5,48
0.00322,48
0.00252,48
0.00161,24
4.3E-4,48
3.3E-4,48
1.8E-4,48
7.6E-4,24
0,48
0.0029,48
0,48
3.2E-4,48
2E-5,48
9E-5,48
1.6E-4,48
0.00211,48
0.00309,48
6.1E-4,48
0.00756,48
0.00274,48
0.0073,24
0.00354,48
0.0016,48
0.00203,48
3E-5,24
2E-5,48
0.00249,24
0.00174,48
0.00342,48
1.4E-4,48
0,48
0.0016,48
0.00125,48
8E-4,24
2.1E-4,48
1.7E-4,48
9E-5,48
3.8E-4,24
0,48
2E-5,48
0.0091,48
1.4E-4,48
7E-5,48
0.00376,48
0.00136,48
0.00363,24
0.00176,48
8E-4,48
0.00101,48
0.00149,48
1E-5,24
1.4E-4,48
0.00382,48
2.3E-4,48
0.00496,48
1E-5,48
0.00124,24
8.7E-4,48
0.00171,48
7E-5,48
1E-5,48
0.00453,48
7E-5,48
4E-5,48
0.00254,48
4.4E-4,48
1.8E-4,48
0.00486,48
3E-5,48
9E-5,48
2.4E-4,48
7.4E-4,48
1E-5,24
7E-5,48
0.0019,48
1.2E-4,48
0.00247,48
7E-5,24
2.4E-4,24
7.5E-4,48
0,48
0.00771,24
1E-5,24
0.00126,48
2.2E-4,48
9E-5,48
0.00242,48
1E-5,48
4E-5,48
1.2E-4,48
8E-5,48
0.00676,48
3E-5,24
1.2E-4,24
6E-5,48
1E-3,48
0.00105,24
1.7E-4,48
6.8E-4,48
0.01043,48
0.0013,48
3.7E-4,48
0,48
0.00384,24
0,24
0.00158,24
6.8E-4,48
3.7E-4,48
0.0025,24
0.00336,48
4E-5,48
3.9E-4,48
7.9E-4,48
0.00373,48
2.7E-4,48
0.00125,48
0.00172,48
0.00164,48
0.00167,24
9E-5,48
5.2E-4,24
3E-5,48
5E-4,48
3.4E-4,48
0.00519,48
6.5E-4,48
2.8E-4,48
0.00659,48
7.1E-4,24
7.9E-4,24
3.4E-4,48
1.8E-4,48
0.00125,24
7.1E-4,48
0.00659,48
1E-4,48
0.00162,48
0.00156,48
1.9E-4,48
3.9E-4,48
0.00186,48
1.4E-4,48
6.3E-4,48
8.6E-4,48
8.1E-4,48
8.3E-4,24
7.7E-4,48
2.1E-4,48
1.4E-4,48
3.6E-4,24
0.00327,48
4.4E-4,48
0.00144,48
0.00141,48
2E-5,48
1E-5,48
1.7E-4,48
0.00253,48
1E-5,48
1E-5,48
1.9E-4,48
0.00579,48
1.5E-4,48
3.5E-4,48
0.00328,48
5E-5,48
7.8E-4,48
8.1E-4,48
0.00745,24
5E-5,48
3.8E-4,48
1.1E-4,48
2.4E-4,48
1.4E-4,48
3.1E-4,48
6.3E-4,48
2.2E-4,48
7.2E-4,48
7E-4,48
1E-5,48
1E-5,48
0.00126,48
9E-5,48
0,48
1E-5,48
1E-4,48
0.00288,48
7E-5,48
0.00156,48
1E-4,48
0.018,48
0.00821,24
0.00371,24
3E-5,48
0.00518,48
0.00213,48
2E-5,48
1.6E-4,48
2.7E-4,48
0.00153,24
1.2E-4,48
7E-5,48
1.6E-4,48
3.1E-4,48
7.8E-4,48
5E-5,48
0.00895,48
0.00409,24
3E-5,48
4E-5,48
0.00361,48
3.7E-4,48
3.4E-4,48
5.3E-4,48
2E-4,48
0.00245,48
0.0017,48
0.00258,48
0.00106,48
1E-5,48
8E-5,48
1.3E-4,48
7.7E-4,24
0.01677,48
3E-5,24
2.6E-4,24
0.00178,24
0.00601,48
0.00366,48
1.9E-4,24
1E-5,48
2E-5,48
0.0018,48
1.8E-4,48
1.7E-4,48
2.7E-4,48
1E-4,48
0.00122,48
8.5E-4,48
0.00562,48
0.00178,24
6.5E-4,48
1.2E-4,48
5.7E-4,48
6.4E-4,24
0.00834,48
3.5E-4,24
5.2E-4,48
0.00134,48
3.2E-4,48
7.1E-4,48
8E-4,48
2E-5,24
1.3E-4,24
0.00299,48
8.9E-4,24
0.00182,48
9E-5,24
4.2E-4,48
5.2E-4,48
0.0028,48
8.9E-4,24
3.3E-4,48
6E-5,48
2.8E-4,48
3.2E-4,24
0.00132,48
0.00349,48
8E-5,48
8.4E-4,48
6.8E-4,48
3.4E-4,48
0.00954,24
0.00173,48
6E-5,48
2.6E-4,24
8E-5,48
1E-4,48
1.8E-4,24
2.6E-4,48
6.7E-4,48
1.6E-4,48
3.5E-4,48
3.9E-4,48
3.6E-4,24
6E-5,48
2.1E-4,48
2.6E-4,48
0.01765,48
1.8E-4,48
0.00376,48
5E-5,48
1.7E-4,48
8.4E-4,48
8E-5,48
0.00209,48
0.00279,48
6.6E-4,48
0.00173,48
4E-5,48
4.2E-4,48
3.4E-4,48
1.7E-4,48
0.00475,24
8.6E-4,48
3E-5,48
1.3E-4,24
4E-5,48
5E-5,48
1.8E-4,24
3E-5,48
0.00223,24
0.00124,48
0.00465,48
7.5E-4,24
0.00879,48
9E-5,48
0.00187,48
2E-5,48
8E-5,48
4.2E-4,48
4E-5,48
0.00104,48
0.00139,48
0.00106,48
8E-4,48
0.00405,48
1E-3,48
3.9E-4,48
0.00266,24
6E-5,48
3.6E-4,48
0.00237,48
0.00111,24
6.2E-4,48
0.00231,48
3.7E-4,24
5.9E-4,48
0.00679,48
0.00225,48
5.3E-4,48
4E-4,48
0.00202,48
5E-4,48
0.00145,48
1.6E-4,48
3.4E-4,48
1.3E-4,48
2E-5,48
0.00106,48
4E-5,48
0.00798,48
1.9E-4,48
0.00133,24
3E-5,48
1.8E-4,48
0.00118,48
2.9E-4,48
0.00338,48
0.00112,48
4.3E-4,48
0.00441,48
0.00213,48
5.1E-4,48
8E-5,48
7.2E-4,48
8E-5,48
1.7E-4,48
6E-5,48
1E-5,48
5.3E-4,48
2E-5,48
0.00397,48
3E-4,24
0,12
7E-5,24
1.8E-4,48
5.2E-4,48
5.6E-4,48
3E-5,48
0.00125,48
9E-5,48
3.8E-4,48
1.5E-4,48
1E-5,24
0.00274,48
1E-4,48
7.7E-4,48
0.00267,48
2.9E-4,48
0.00106,48
2.6E-4,48
0.0022,48
2.1E-4,48
4E-5,48
0.00107,48
0.00968,24
4.3E-4,6
2E-5,24
1.5E-4,24
0,12
5.3E-4,48
0,24
2.2E-4,48
1.4E-4,48
0.0019,48
3E-5,48
6E-5,24
3E-5,24
9E-5,48
2.6E-4,48
2.8E-4,48
2E-5,48
6.2E-4,48
5E-5,48
1.9E-4,48
7E-5,48
0,24
3.8E-4,48
0.00133,48
5E-5,48
0.00137,48
1.4E-4,48
4E-4,48
0.00366,48
0.01145,48
0.00147,48
6.9E-4,24
0.00114,24
5.3E-4,48
0.00482,24
2.1E-4,6
1E-5,24
2.7E-4,48
5E-5,48
0.00474,48
2.7E-4,48
0,24
1.1E-4,48
7E-5,48
9.5E-4,48
1E-5,48
3E-5,24
2.3E-4,24
0.01011,24
6.7E-4,48
2E-4,48
0.00183,48
0.0057,48
7.4E-4,48
3.4E-4,24
5.7E-4,24
0.00358,48
0.00137,48
0.00364,48
0.00109,48
0.00303,48
0.00144,48
0.00287,48
8E-5,48
3E-5,48
1.4E-4,48
3E-5,48
0.00236,48
9.5E-4,24
4.3E-4,24
1.1E-4,24
0.00503,24
3.4E-4,48
1.2E-4,48
7.2E-4,48
0.0016,24
0.00218,24
0.00338,48
0.00567,48
0.00178,48
6.8E-4,48
0.00181,48
5.4E-4,48
0.00151,48
7.2E-4,48
0.00143,48
4E-5,48
2E-5,48
0.00103,48
0.00563,48
1E-5,48
0.0094,48
0.00125,24
4.7E-4,24
2.1E-4,24
5E-5,48
1.5E-4,48
0.00146,48
0.00151,48
0.00253,48
0.00172,48
2E-5,24
2.7E-4,48
6E-5,48
3.6E-4,48
8E-4,24
0.00109,24
0.00168,48
0.00282,48
0.00609,48
8E-5,24
1E-5,48
6.8E-4,48
5.1E-4,48
0.00281,48
1E-5,48
0.00468,48
6.2E-4,24
0.00569,48
0.00345,48
1E-4,48
1.8E-4,48
3E-5,48
7E-5,48
7.3E-4,48
7.5E-4,48
0.00126,48
8.6E-4,48
1E-5,24
1.3E-4,48
0.00304,48
4E-5,24
0,48
3.4E-4,48
0.00136,48
0.00317,48
5.8E-4,48
1.1E-4,48
0.00218,48
0.00284,48
0.00172,48
5E-5,48
9E-5,48
0.00307,48
0.00439,24
6.2E-4,48
4.6E-4,48
6.9E-4,48
0.00143,48
3.5E-4,48
3.9E-4,24
0.00562,24
2E-4,48
6.7E-4,48
0.00158,48
2.9E-4,48
0.00109,48
5E-5,48
0.00118,24
1E-5,24
0.01299,48
6E-5,24
2E-4,48
4E-5,24
0.00153,48
0.00219,24
3E-4,48
0.00625,48
5E-5,48
0.00173,48
0.00418,48
0.0013,48
0.0085,48
0.00395,48
3.7E-4,48
6.6E-4,48
4.1E-4,48
2.3E-4,48
3.4E-4,48
7.2E-4,48
1.8E-4,48
1.9E-4,24
0.0028,24
1E-4,48
0.00209,48
3.7E-4,24
5.9E-4,24
1E-5,24
0.00648,48
3E-5,24
1E-4,48
2E-5,24
2.1E-4,48
6E-5,48
7E-5,48
0.00344,48
7.4E-4,48
6.9E-4,48
1.6E-4,48
0.00312,48
2E-5,48
0.00423,48
8.6E-4,48
0.00209,48
6.5E-4,48
0.00197,48
1.8E-4,48
3.3E-4,48
2E-4,48
0.00421,48
2.4E-4,48
1.9E-4,48
9.7E-4,48
0.00104,48
1.8E-4,24
0.00319,48
8.4E-4,48
0.00132,48
1E-4,48
3E-5,48
4E-5,48
0.00172,48
3.7E-4,48
3.4E-4,48
8E-5,48
5.5E-4,8
0.00302,48
0.00209,48
1.2E-4,48
9E-5,48
4.8E-4,48
0.0019,48
1.5E-4,48
0.0053,24
2E-5,48
1.8E-4,24
0.00336,48
9.4E-4,48
0.00159,48
4.2E-4,48
6.6E-4,48
0.00638,48
9.2E-4,48
2.8E-4,8
0.00151,48
1.9E-4,48
2E-5,48
1E-5,24
8.8E-4,48
0.00292,24
0.00955,48
6.1E-4,48
5.3E-4,48
5E-5,48
1.4E-4,48
6E-5,24
1.7E-4,48
9E-5,24
9.5E-4,48
7E-5,48
0.00265,24
1E-5,48
0.00167,48
4.7E-4,48
0.01002,48
0.00482,48
1E-5,48
0.00318,48
4.6E-4,48
0.0066,48
5E-5,48
0.0025,48
9E-5,48
9.9E-4,48
5.9E-4,24
1E-4,48
0,24
4.4E-4,48
0.00145,24
1E-5,48
0.00477,48
3E-4,48
2.6E-4,48
3E-5,48
7E-5,48
3E-5,24
9E-5,48
0.00499,48
0.00241,48
0,48
0.00213,48
2.9E-4,48
2E-4,48
0.00104,48
5E-5,48
0.00133,48
6.6E-4,48
0.00261,48
0.00381,48
0.00126,48
0.00329,48
2E-5,48
0.00125,48
5E-5,48
5E-4,48
2.9E-4,24
0.00405,24
2E-5,48
2.9E-4,48
1E-4,48
0.00273,48
0.00515,48
0.00404,48
0.00106,48
6.3E-4,48
0.0019,48
0.0013,48
3.3E-4,48
6.6E-4,48
1.5E-4,48
1E-4,48
5.2E-4,48
3E-5,48
0.00767,48
0.00237,48
0.00184,24
5E-5,24
4E-5,48
0.00201,24
0.00122,48
1E-5,48
0.00256,48
1E-5,48
1.5E-4,48
5E-5,48
0.00136,48
0.00257,48
0.00201,48
9.8E-4,24
0.0065,24
0.00152,48
7E-5,24
0.00511,48
0.00125,24
0.00132,48
0.00383,48
0.00118,48
9.2E-4,24
2E-5,24
2E-5,48
8.5E-4,48
3.8E-4,48
2.6E-4,48
9.1E-4,48
6.1E-4,48
0.00124,48
8E-5,48
0.00202,48
4E-5,48
2.5E-4,48
7.3E-4,24
6E-4,48
1E-5,48
0.00127,48
0.00569,48
7E-5,24
0.00324,24
7.6E-4,48
4.9E-4,24
3E-5,24
0.00254,48
6.2E-4,24
6.6E-4,48
0.00191,48
0.00279,48
6.2E-4,48
1E-5,48
0.00117,48
7.1E-4,48
4.2E-4,48
1.9E-4,48
1.3E-4,48
4.5E-4,48
3E-4,48
6.2E-4,48
4E-5,48
0.00101,48
2E-5,48
1.2E-4,48
3.6E-4,24
0.00131,48
2.1E-4,48
0.00285,48
3E-5,24
0.00418,48
2.4E-4,48
0.00267,24
6.7E-4,48
7E-4,48
0.00186,48
6E-5,24
9.6E-4,48
0.00139,48
3.1E-4,48
1E-5,48
5.8E-4,48
3.5E-4,48
0.00275,48
6.5E-4,48
0.00221,48
6.5E-4,48
1.1E-4,48
0.00105,48
5.5E-4,48
5.6E-4,48
0.00175,48
0.00288,24
0.00102,48
0.0039,48
0.00219,48
2E-4,48
2E-4,48
1E-5,48
0.00209,48
1.2E-4,48
0.00133,24
3.3E-4,48
3.5E-4,48
9.3E-4,48
3E-5,24
0.00242,48
0.00686,48
0.00137,48
3.3E-4,48
0.0011,48
0.00114,48
8.2E-4,48
0.00112,48
0.00141,48
8.9E-4,48
0.00135,48
9E-4,48
8.1E-4,48
5.2E-4,48
2.7E-4,48
2.8E-4,48
8.7E-4,48
0.00143,24
5.1E-4,48
0.00195,48
0.0011,48
1E-4,48
1E-4,48
1E-5,48
4.5E-4,48
0.00121,48
4.7E-4,48
0.00207,48
0.00121,48
0.00343,48
9.7E-4,48
4.4E-4,48
5.7E-4,48
4.1E-4,48
5.6E-4,48
7E-4,48
6.7E-4,48
4.5E-4,48
4E-4,48
9.3E-4,48
1E-5,48
0.00203,24
1.6E-4,48
4E-4,12
1.6E-4,48
1.5E-4,48
0.0037,48
3E-4,48
1.4E-4,48
6E-4,24
0.0048,24
0.00354,48
0.002,24
2.2E-4,48
6E-4,48
2.3E-4,48
0.00103,48
3E-5,24
9.7E-4,48
0.00348,48
2.4E-4,24
0.00404,48
3E-4,24
5.6E-4,24
6.9E-4,48
4.8E-4,48
5.2E-4,48
0.00379,48
0.002,48
8E-5,48
3.3E-4,48
4.3E-4,48
0,24
4.6E-4,48
1E-5,48
0.00101,24
8E-5,48
2E-4,12
8E-5,48
7E-5,48
0.00185,48
1.5E-4,48
7E-5,48
3E-4,24
9.9E-4,48
0.00153,24
6.8E-4,24
0.00216,48
0.00239,24
0.00177,48
1E-3,24
0.00737,48
2.4E-4,48
0.00116,48
1E-5,24
4.8E-4,48
0.00174,48
1.2E-4,24
0.00201,48
1.5E-4,24
2.8E-4,24
3.4E-4,48
0.00138,48
0,48
0.00179,48
3.7E-4,48
0.00633,48
0.00207,48
3.1E-4,48
0.00128,48
0.00518,48
2.6E-4,48
0.00189,48
9.9E-4,48
4E-5,48
1.6E-4,48
2.1E-4,48
0,24
4.9E-4,48
7.6E-4,24
3.4E-4,24
0.00107,48
1E-4,24
5E-5,48
1.2E-4,48
0.00448,48
2.7E-4,48
7E-4,24
7E-5,48
8.8E-4,48
2.5E-4,48
0.00367,48
1.2E-4,48
5.8E-4,48
0.00101,48
0.00269,24
2.2E-4,48
6.9E-4,48
0,48
8.9E-4,48
1.9E-4,48
0.00315,48
0.00103,48
1.5E-4,48
6.4E-4,48
0.00258,48
1.1E-4,48
0.00343,48
0.00159,48
2E-4,48
5E-4,48
0.00273,48
0.00702,48
2.7E-4,48
5E-5,24
3E-5,48
6E-5,48
0.00223,48
1.4E-4,48
3.5E-4,24
3E-5,48
4.4E-4,48
1.2E-4,48
0.00133,48
4.5E-4,48
0.0022,48
0.00418,48
0.00451,48
0.00332,48
5E-5,48
0.00298,48
5.6E-4,48
0.00164,48
4.2E-4,24
5E-4,48
0.00134,24
1.1E-4,48
6E-5,48
0.00171,48
7.9E-4,48
1E-4,48
2.5E-4,48
1E-5,48
1E-5,48
5E-5,48
4E-4,48
2.4E-4,48
0.00136,48
0.0035,48
1.3E-4,48
4.6E-4,24
6.7E-4,48
2.2E-4,48
0.00109,48
0.00166,48
3E-5,48
0.00226,48
0.00208,48
0.00149,48
2.8E-4,48
8.2E-4,48
2.1E-4,24
6E-5,48
0.0028,24
0.00522,48
0.00226,24
0.0096,24
0.00165,48
0.0025,48
0.00277,48
0.00141,48
9.7E-4,24
0,48
1E-5,48
3E-5,48
2E-4,48
1.2E-4,48
0.00527,48
8.2E-4,48
0,48
0,48
1.5E-4,48
5.9E-4,48
5E-5,24
4.8E-4,48
2E-5,48
0.00124,48
0.00293,48
0.00321,48
0.00173,48
0.00232,48
1E-4,48
2.3E-4,24
2.6E-4,48
4E-5,48
3E-5,48
0.00139,24
0.00113,24
0.00261,48
0.00212,48
0.00147,48
8E-5,48
2E-5,48
0.00479,24
8.2E-4,48
0.00125,48
0.00138,48
7E-4,48
4.9E-4,24
2.9E-4,24
0.00436,24
8E-5,48
0.00263,48
4.1E-4,48
0,48
0,48
8E-5,48
3E-4,48
2E-5,24
2.4E-4,48
1E-5,48
6.2E-4,48
0.00146,48
0.0016,48
8.7E-4,48
0.00116,48
5E-5,48
1E-5,48
0.00141,48
0.00165,48
1E-5,48
1.9E-4,48
0.00534,48
3.7E-4,48
1.3E-4,48
2E-5,48
0.00408,24
1.1E-4,48
0.00847,24
5.9E-4,6
0.00106,48
7.4E-4,48
4E-5,48
1E-5,48
1E-5,24
0.00567,48
5E-4,48
0.0027,48
5.4E-4,48
2E-5,24
0.00287,48
2E-4,48
0.00171,48
1.5E-4,24
0.00217,24
4E-5,48
0.0018,48
9.1E-4,48
5.6E-4,24
0.00706,24
4E-5,24
0,48
7E-4,48
8.2E-4,48
0,48
1E-4,48
0.00266,48
1.9E-4,48
1E-5,48
0.00186,48
0,48
0.00245,48
0.00203,24
6E-5,48
0.00422,24
2.9E-4,6
0.00282,48
0.00831,48
0.00646,48
0.00155,24
6.7E-4,48
1E-4,48
0,24
2.7E-4,48
1E-5,24
0.00143,48
1E-4,48
0.00135,48
2.5E-4,48
0.00282,48
8.5E-4,48
5E-5,48
5.1E-4,24
5E-5,48
0,48
0.00132,48
9E-4,48
4.6E-4,48
2.8E-4,24
0.00352,24
2E-5,24
0,48
9.3E-4,48
0,48
0.00122,48
1E-5,48
2E-5,48
6.5E-4,48
0.0013,48
1.1E-4,48
8.5E-4,48
9E-4,48
1.3E-4,48
3.8E-4,48
0.00141,48
0.00414,48
0.00322,48
7.7E-4,24
3.3E-4,48
5E-5,48
5.4E-4,24
0.00122,24
3E-5,48
2.5E-4,24
2E-5,48
0,48
6.6E-4,48
6.5E-4,48
1E-4,24
0,48
8E-5,48
2E-5,24
4.1E-4,24
0.00321,48
0.00151,48
7E-4,48
0,24
0.00147,48
5.8E-4,48
1.4E-4,48
0.00104,48
2.5E-4,48
5.7E-4,48
4E-5,48
0.00651,48
7E-5,48
3E-4,48
1E-5,48
1E-5,48
6.5E-4,48
5E-5,48
4.2E-4,48
3.2E-4,48
4.5E-4,48
6E-5,48
1.9E-4,48
4.1E-4,48
6E-5,48
5.8E-4,24
2.7E-4,24
6E-4,24
6E-5,48
3.3E-4,48
3.2E-4,48
5E-5,24
0,48
4E-5,48
1E-5,24
2E-4,24
0.0016,48
7.5E-4,48
3.5E-4,48
0,24
7.4E-4,48
2.9E-4,48
7E-5,48
5.2E-4,48
0.00351,48
8.3E-4,48
1.9E-4,48
5.5E-4,48
1.8E-4,48
1E-5,48
6E-5,48
1.2E-4,48
0.00531,24
4.1E-4,48
0.00112,48
1.2E-4,48
2.9E-4,48
2E-5,48
0.00324,48
3E-5,48
1.5E-4,48
9.2E-4,24
8.1E-4,48
2E-4,48
3E-5,48
2.9E-4,24
0.00516,48
4.3E-4,48
0.00296,48
0.00895,48
1E-5,48
1E-5,48
0.00186,48
1.5E-4,48
2E-5,48
3.4E-4,48
3E-5,48
1.6E-4,48
0.00301,48
5.4E-4,24
0.00175,48
4.1E-4,48
1E-4,48
2.8E-4,48
9E-5,48
0,48
3E-5,48
6E-5,48
0.00265,24
2.1E-4,48
5.6E-4,48
5.6E-4,48
0.00222,48
6.1E-4,48
1.6E-4,48
1.5E-4,48
8E-5,48
4.6E-4,24
4E-4,48
3E-5,24
6.6E-4,48
4.3E-4,48
0.00258,48
2.2E-4,48
0.00148,48
0.00446,48
0,48
0,48
9.3E-4,48
8E-5,48
1E-5,48
1.7E-4,48
1E-5,48
3.3E-4,48
1.8E-4,48
0.00184,48
0.00278,48
0.00264,48
1.8E-4,48
3.9E-4,48
0.0015,48
2.7E-4,24
0.00145,48
8.9E-4,48
8.5E-4,48
2.8E-4,48
0.00111,48
3.1E-4,48
8E-5,48
8E-5,48
4E-5,48
0.00434,48
0.0013,48
0.00129,48
0.00134,48
6E-5,48
1E-5,24
3.3E-4,48
2.2E-4,48
1E-5,48
1.6E-4,48
9E-5,48
9.2E-4,48
0.00139,48
0.00132,48
9E-5,48
1.9E-4,48
5.7E-4,48
5.7E-4,48
5.2E-4,48
3E-5,48
1.3E-4,48
7.2E-4,48
4.4E-4,48
4.2E-4,48
7E-5,48
0.00216,48
6.5E-4,48
6.4E-4,48
6.7E-4,48
3E-5,48
3.3E-4,48
0.00216,48
0.00114,48
0.00303,48
3.5E-4,48
3E-5,24
3.1E-4,48
0,24
0.00426,24
0.00554,24
0,48
2.9E-4,48
2.8E-4,48
2.6E-4,48
2E-5,48
7E-5,48
0.0035,48
1.7E-4,24
2E-4,48
0.00372,24
0.00254,48
0.00267,48
9.4E-4,48
0.00126,48
0.00119,48
0.00329,48
1E-5,48
3E-5,48
0.00519,48
0.01216,48
0.00195,48
1E-5,12
3E-5,24
1.6E-4,48
0.00108,48
5.7E-4,48
0.00151,48
1.8E-4,48
2E-5,24
1.6E-4,48
0,24
4E-5,48
1.1E-4,48
9.8E-4,48
1.8E-4,48
0.00199,48
5E-5,24
0.00213,24
0,48
0.00276,24
4E-5,24
1.4E-4,24
0.00144,48
0.00406,48
0.00174,48
9E-5,24
1E-4,48
0.00186,24
0.00127,48
0.00133,48
4.7E-4,48
6.3E-4,48
6E-4,48
0.00165,48
0,48
0.0019,48
0.00431,48
0.00112,48
8.4E-4,48
1E-5,48
3E-5,48
0.0026,48
0.00606,48
9.8E-4,48
1E-5,12
2E-5,24
2.4E-4,24
7.9E-4,24
2E-5,48
5E-5,48
4.9E-4,48
9E-5,48
1E-3,48
2E-5,24
9.1E-4,48
0.00169,24
8.4E-4,48
4E-5,48
0.00145,24
0,48
0.0013,48
2E-5,24
7E-5,24
7.2E-4,48
0.00202,48
0.00429,48
1.4E-4,48
8.7E-4,48
0.00154,48
0.00567,48
1E-4,48
2E-5,48
9.5E-4,48
0.00215,48
5.6E-4,48
4.2E-4,48
1E-5,48
1E-5,48
5.1E-4,48
0.00191,48
1.6E-4,48
0.00142,24
0.00183,48
1.2E-4,24
3.9E-4,24
1.3E-4,24
0.0019,48
4.5E-4,48
0.00246,48
2E-5,24
0.00631,24
4.6E-4,48
8.5E-4,24
4.2E-4,48
2E-5,48
7.2E-4,24
0,48
6.5E-4,48
2.2E-4,48
6.5E-4,48
2.1E-4,48
1.7E-4,48
0.00121,48
3.7E-4,24
0.00188,48
8.6E-4,48
1.9E-4,48
5.8E-4,48
2.9E-4,24
1E-5,48
0.00215,48
7E-5,48
4.3E-4,48
7.7E-4,48
0.00283,48
5E-5,48
1E-5,48
2.6E-4,48
9.5E-4,48
8E-5,48
7.1E-4,24
9.1E-4,48
0.00106,48
0.0013,48
0.00103,48
5.2E-4,48
0.00101,48
9E-4,48
0.00321,48
7E-5,24
9.5E-4,48
2.3E-4,48
0.00123,48
1E-5,24
0.00315,24
7.1E-4,24
4E-5,48
5.4E-4,48
1.1E-4,48
3.2E-4,48
1.1E-4,48
9E-5,48
9E-5,48
2.9E-4,48
1.4E-4,24
1E-5,48
4.3E-4,48
9.4E-4,48
1.9E-4,24
6E-4,48
0.00203,48
0.0021,48
5.2E-4,24
2E-5,48
3.9E-4,48
0.00284,24
0.00144,48
0.00168,48
5.3E-4,48
6.5E-4,48
5.2E-4,48
2.6E-4,48
5E-4,48
4.5E-4,48
0.0016,48
9.5E-4,24
1.1E-4,48
1.3E-4,48
0.00108,48
2.9E-4,48
0.0012,48
0.00441,48
5.3E-4,48
0.00235,48
6E-5,48
3.6E-4,24
2E-5,48
2.7E-4,48
0.00444,48
0.00281,24
0.00103,48
0.00101,48
0.00105,48
2.6E-4,24
1E-5,48
2E-4,48
0.00142,24
0.00283,48
2E-5,48
4.9E-4,48
0.0029,48
4.8E-4,48
0.00183,48
8E-5,48
6.5E-4,48
4.9E-4,48
2.1E-4,48
7.2E-4,48
8.4E-4,48
5.1E-4,24
0.00273,48
4E-4,48
4.8E-4,24
5E-5,48
7E-5,48
5.4E-4,48
1.5E-4,48
6E-4,48
0.0022,48
2.7E-4,48
0.00117,48
3E-5,48
0.00171,48
1.8E-4,48
7.1E-4,48
4.4E-4,48
0.002,48
0.00221,48
0.00141,24
5.1E-4,48
0.00142,48
1E-5,48
2.4E-4,48
0.00145,48
2.4E-4,48
9.1E-4,48
4E-5,48
3.2E-4,48
2.4E-4,48
1E-4,48
8.6E-4,24
0.00558,48
2E-5,48
2.7E-4,48
3.4E-4,24
0.00119,48
0.0012,48
0.00283,48
0.00128,24
0.00257,48
6.6E-4,48
2.3E-4,24
3.9E-4,48
1E-5,48
2.5E-4,24
0.00137,48
2E-4,48
0.00301,48
0,48
1.4E-4,24
1.7E-4,48
8.5E-4,48
9E-5,48
3.6E-4,48
2.2E-4,48
1E-3,48
0.00438,48
0,24
2E-4,48
2.4E-4,24
2.8E-4,48
0.00196,48
1E-5,48
1.4E-4,48
2.7E-4,48
0.00267,48
2E-5,48
4.3E-4,24
0.00278,48
1E-5,48
1.4E-4,48
1.7E-4,24
5.9E-4,48
6E-4,48
0.00141,48
6.4E-4,24
0.00129,48
3.3E-4,48
1.1E-4,24
2E-4,48
0,48
0.0017,48
0.00161,24
0.00201,48
1.2E-4,48
0.00151,48
0,48
7E-5,24
8E-5,48
0.00219,48
0,24
1E-4,48
1.2E-4,24
1.4E-4,48
9.8E-4,48
0.00107,48
6E-5,48
0.00309,48
4E-5,48
6.5E-4,48
0.00102,48
0,48
1E-5,48
8E-5,48
9.4E-4,48
0.00152,48
1E-5,48
7E-5,48
1.3E-4,48
0.00134,48
1E-5,48
5E-4,24
8.5E-4,48
8E-4,24
0.00101,48
6E-5,48
3.9E-4,48
4.3E-4,48
0.00136,48
3.7E-4,48
0,48
2.5E-4,48
0.00175,48
3.5E-4,48
0.00189,24
5E-5,48
8.8E-4,48
0.00331,24
0.0014,48
3.2E-4,48
5.1E-4,48
0,48
1E-5,48
2E-5,48
0.00155,48
3E-5,48
5.3E-4,48
4E-5,48
4.7E-4,48
7.6E-4,48
4.3E-4,48
0.00573,48
2E-5,48
2.6E-4,48
5.3E-4,48
0.00273,48
9E-5,48
2.5E-4,24
0.00318,48
4.6E-4,24
0.00114,48
2.9E-4,48
3.5E-4,24
1.9E-4,48
2.1E-4,48
6.8E-4,48
1.9E-4,48
0,48
1.2E-4,48
8.7E-4,48
1.8E-4,48
1.8E-4,48
4E-5,48
4.4E-4,48
2.6E-4,24
5.8E-4,48
0.00167,48
7E-5,48
0.00581,48
0.00278,48
9.5E-4,24
2E-5,48
4.4E-4,48
0.00165,24
7E-4,48
0.00672,48
4.1E-4,48
2.2E-4,48
0.00287,48
1E-5,48
1.3E-4,48
2.7E-4,48
0.00136,48
4E-5,48
4.5E-4,48
6E-5,48
7.2E-4,48
0.00116,48
6.1E-4,48
4E-5,48
0.00159,48
2.3E-4,24
5.7E-4,48
1.4E-4,48
1.7E-4,24
2.6E-4,48
0.00204,24
0.00529,48
2E-4,24
9E-5,48
2.2E-4,48
2E-5,48
1.3E-4,24
2.9E-4,48
8.4E-4,48
4E-5,48
0.00291,48
0.00139,48
0.0017,48
1.9E-4,48
4E-5,48
3E-5,48
0.00162,48
1.4E-4,48
0.00134,48
0.00349,48
0.00335,48
2.1E-4,48
0.0026,48
0.0058,48
2.3E-4,48
3E-5,48
3.6E-4,48
5.8E-4,48
3.1E-4,48
2E-5,48
0.00129,48
5E-5,48
0.00167,48
9E-4,48
4E-5,48
0.00284,48
3.1E-4,48
9.3E-4,48
1.3E-4,48
0.00102,24
0.00264,48
1E-4,24
0.00166,24
2.9E-4,48
8.5E-4,48
1E-4,48
2E-5,48
1E-5,48
8.1E-4,48
7E-5,48
6.7E-4,48
0.00174,48
0.00147,48
8.4E-4,48
6E-4,48
0.00109,48
4.8E-4,48
8E-5,48
0.00116,48
1.4E-4,48
0.0013,48
0.0029,48
6.5E-4,48
3E-5,48
8.3E-4,48
4.5E-4,48
2E-5,48
0.00142,48
1.5E-4,48
4.6E-4,48
4.4E-4,48
4.9E-4,48
8E-4,48
1E-5,48
8.3E-4,24
1.4E-4,48
0.0034,48
0.00162,24
0.00166,48
7.4E-4,48
4.2E-4,48
3E-4,48
5.4E-4,48
2.4E-4,48
4E-5,48
5.8E-4,48
7E-5,48
0.00213,48
1E-5,48
5.9E-4,48
0.00119,48
0.00149,48
0.0013,48
0.00123,48
2E-5,6
3.6E-4,48
3E-5,24
2.2E-4,48
2.5E-4,48
4E-4,48
1E-5,48
8E-5,24
0.00125,48
0.00623,48
1E-5,48
3.9E-4,48
0.00101,48
4E-5,24
6E-4,48
0,48
0.0017,48
8.1E-4,24
8.3E-4,48
9.6E-4,48
9E-5,24
6E-5,48
4E-5,48
0.00219,48
5.9E-4,48
3E-4,48
0.00107,48
0,48
7.4E-4,48
6.5E-4,48
1E-5,48
1E-5,24
0.00114,24
0.00115,48
6.4E-4,24
6.2E-4,48
1E-5,6
1.8E-4,48
1E-5,24
0.00159,24
3.5E-4,8
6.9E-4,24
0.00193,48
6.2E-4,48
0.00311,48
4E-5,24
1E-5,48
2E-4,48
5.1E-4,48
2E-5,24
3E-4,48
0,48
1E-5,48
7.9E-4,48
1.5E-4,48
7.7E-4,48
0.00125,48
2E-5,48
0.0012,48
8.4E-4,48
6.8E-4,48
0.0012,48
3.2E-4,48
0.0013,48
2.8E-4,48
3.9E-4,48
1.9E-4,48
4.8E-4,48
5E-5,24
3E-5,48
2E-5,48
0.00109,48
0.00155,48
1E-5,48
5.7E-4,24
1E-5,24
5.7E-4,48
3.2E-4,24
0.00297,48
0.00168,24
9.4E-4,24
2.1E-4,12
0.00411,48
4.9E-4,48
0.0057,48
0.00152,24
0.00128,48
7.9E-4,24
1.8E-4,8
3.4E-4,24
9.6E-4,48
1E-5,48
0.00969,48
0.00119,24
3.8E-4,48
4E-4,48
7.9E-4,24
1E-5,48
6.3E-4,48
1E-5,48
4E-4,48
7E-5,48
3.8E-4,48
6E-4,48
4.2E-4,48
3.4E-4,48
6E-4,48
1.6E-4,48
6.5E-4,48
1.4E-4,48
1.9E-4,48
9E-5,48
0,48
3E-5,24
8.9E-4,24
7.7E-4,48
4.8E-4,48
7.7E-4,48
1.3E-4,48
0.00125,48
9.6E-4,48
0.00148,48
8.4E-4,24
0.00285,48
4.7E-4,24
1E-4,12
0.00206,48
2.5E-4,48
7.6E-4,24
6.4E-4,48
0.00231,48
1.5E-4,48
4.9E-4,48
2.9E-4,48
9.6E-4,48
1.9E-4,24
2.8E-4,48
0.00221,48
5E-5,48
7.1E-4,48
7.2E-4,48
6E-5,48
8.1E-4,48
3E-5,48
6.9E-4,48
0,48
0.00485,48
5.9E-4,24
1.9E-4,48
2E-4,48
4E-4,24
0,48
2E-5,24
4.5E-4,24
3.8E-4,48
2.4E-4,48
0.00101,48
1.8E-4,48
2.3E-4,48
0.00127,48
1.1E-4,48
1.4E-4,48
0,48
6.6E-4,48
2E-4,48
6E-5,48
6.3E-4,48
4.8E-4,48
0.00116,48
8E-5,48
2.5E-4,48
1.5E-4,48
4.8E-4,48
1E-4,24
1.4E-4,48
0.00111,48
2E-5,48
3.6E-4,48
3.6E-4,48
3E-5,48
4E-4,48
1E-5,48
3.5E-4,48
1.1E-4,48
0.00489,24
9E-4,48
1.3E-4,48
8.6E-4,24
4.8E-4,24
0.00169,24
3.2E-4,24
2E-4,24
9.4E-4,48
0.00375,48
1.4E-4,48
8E-5,48
5E-4,48
9E-5,48
1.2E-4,48
6.3E-4,48
6E-5,48
7E-5,48
0,48
3.3E-4,48
1E-4,48
1.1E-4,48
1E-5,48
1.3E-4,48
0.00223,48
8.9E-4,48
0.00314,24
6.8E-4,48
2.8E-4,48
0.00363,48
4E-5,48
0.00189,24
3E-5,24
5E-5,48
0.00245,24
4.5E-4,48
7E-5,48
4.3E-4,24
0.00475,48
0.00158,48
1.8E-4,48
0.00116,48
2.7E-4,48
5.5E-4,48
2.4E-4,24
8.4E-4,24
1.6E-4,24
1E-4,24
4.7E-4,48
0.00188,48
7E-5,48
4E-5,48
6E-5,48
9E-5,48
9.3E-4,48
0.00152,48
5E-5,48
1E-5,48
7E-5,48
0.00112,48
4.5E-4,48
0.00157,24
3.4E-4,48
1.4E-4,48
0.00278,48
1.1E-4,48
0,48
3.4E-4,48
9.2E-4,48
0.00182,48
2E-5,48
9.5E-4,24
2E-5,24
3.1E-4,48
0.00238,48
7.9E-4,48
9E-5,48
5.8E-4,48
1.3E-4,48
2.7E-4,48
0,48
6.3E-4,48
5.6E-4,24
6E-4,48
4E-5,48
2.5E-4,48
2E-5,48
3.1E-4,24
1.8E-4,48
1.3E-4,48
3E-5,48
5E-5,48
4.7E-4,48
7.6E-4,48
1.4E-4,48
0.00165,48
1.7E-4,24
0.00139,48
6E-5,48
0,48
1.7E-4,48
4.6E-4,48
2.2E-4,48
1.7E-4,48
8.8E-4,48
6.7E-4,48
5.5E-4,24
1E-5,48
0.00552,48
0.00151,48
2E-5,48
4E-4,24
8E-5,48
0.00145,24
0.00143,48
3.6E-4,48
1.6E-4,48
1.1E-4,48
6.1E-4,24
6.4E-4,48
0.0019,48
0.00347,48
0.00127,48
3E-5,24
0.00207,48
0,48
3.2E-4,48
2.8E-4,24
3E-4,48
2E-5,48
1.2E-4,48
1E-5,48
1.5E-4,24
9E-5,48
7E-5,48
3.3E-4,48
0.00111,48
0.00188,48
3.7E-4,48
7E-5,48
8.3E-4,48
9E-5,24
1.1E-4,48
8E-5,48
4.4E-4,48
3.3E-4,48
2.8E-4,24
1E-5,48
0.00276,48
7.6E-4,48
1E-5,48
2E-4,24
4E-5,48
7.2E-4,24
7.1E-4,48
1.8E-4,48
4.4E-4,48
7E-5,48
1.4E-4,48
8.5E-4,48
3.2E-4,48
4.6E-4,48
5E-5,48
3.1E-4,24
3.2E-4,48
9.5E-4,48
0.00174,48
6.3E-4,48
1E-5,24
0.00103,48
2.6E-4,48
6.4E-4,48
1.7E-4,48
5.5E-4,48
9.4E-4,48
1.9E-4,48
1.5E-4,24
0.00522,48
5.2E-4,24
7E-5,48
0.0013,48
3.2E-4,48
4.8E-4,48
1E-5,48
5.7E-4,48
0.00149,24
3E-4,24
7.3E-4,48
2.2E-4,48
4E-5,48
7E-5,48
4.3E-4,48
1.6E-4,48
2.3E-4,48
0,48
0.00215,48
0.00561,48
8.5E-4,48
1.3E-4,48
3.2E-4,48
1.1E-4,48
0,48
1E-4,48
0.00366,48
7E-5,24
0.00261,48
2.6E-4,24
3E-5,48
6.5E-4,48
1.6E-4,48
2.4E-4,48
0.00104,48
1E-5,48
3.4E-4,48
1E-4,48
3.6E-4,48
5.2E-4,48
5.8E-4,48
4E-5,48
5E-5,48
2.6E-4,48
1E-5,24
0.002,48
8.1E-4,48
0,48
2.8E-4,48
7.4E-4,24
1.5E-4,24
3.7E-4,48
3.1E-4,48
6.5E-4,24
0,48
0.00108,48
0.00281,48
4.3E-4,48
5E-5,48
0.00339,48
0.00173,48
0,48
2E-5,48
0.00167,48
6E-5,48
0,48
5E-5,48
0.00183,48
5.2E-4,48
0,48
1.7E-4,48
5E-5,48
1.8E-4,48
2.6E-4,48
2.9E-4,48
2E-5,48
2E-5,48
1.3E-4,48
0,24
1E-3,48
4E-4,48
0.00127,48
8E-5,48
4.4E-4,48
2.8E-4,24
6E-5,48
1E-4,24
1.6E-4,48
3.3E-4,24
0.00111,48
3.5E-4,48
0.00186,48
0.00163,48
3E-5,48
3E-5,48
0.0017,48
8.6E-4,48
0,48
1E-5,48
8.4E-4,48
0.00129,48
3E-5,48
1.5E-4,48
1E-5,48
6.5E-4,48
4.4E-4,48
0,48
0.00115,48
1E-5,48
1E-5,48
4E-5,48
1E-5,48
2.7E-4,48
0.0016,48
6.4E-4,48
4E-5,48
2.2E-4,48
1.4E-4,24
3E-5,48
5E-5,24
0.00165,48
1.3E-4,48
1.1E-4,48
3E-4,48
2E-5,48
2.6E-4,48
2.1E-4,48
2E-5,48
2.8E-4,24
0.00178,24
5.6E-4,48
1.8E-4,48
9.3E-4,48
8.1E-4,48
1E-5,48
6.5E-4,48
2E-5,48
8E-5,48
0,48
3.2E-4,48
2.2E-4,48
0,48
5.8E-4,48
0,48
0,48
2E-5,48
0,48
5E-5,48
2.6E-4,48
6.7E-4,48
0.00227,48
3.9E-4,48
1.4E-4,48
8E-4,48
0.00459,24
8.3E-4,48
7E-5,48
6E-5,48
1.5E-4,48
1E-5,48
1.3E-4,48
1E-4,48
1E-5,48
1.4E-4,24
8.9E-4,24
1.9E-4,48
0.00194,48
0.0018,48
6E-5,48
4E-5,48
3E-5,48
0.00687,48
4E-5,48
1.2E-4,24
0.00189,48
0.00428,48
6E-5,24
8E-5,48
4.8E-4,48
3E-5,48
1.3E-4,48
3.3E-4,48
0.00113,48
1.9E-4,48
2E-5,48
5E-5,48
0.00149,24
3E-5,48
3E-4,48
0.00107,24
0.00229,24
0.00141,48
9.1E-4,48
0.00491,24
8E-5,48
0,48
4E-5,24
9E-5,48
9.7E-4,48
9E-4,48
3E-5,48
2E-5,48
2E-5,48
0.00344,48
2E-5,48
6E-5,24
9.4E-4,48
0.00214,48
3E-5,24
0.0013,48
3E-4,48
0.00197,48
4.6E-4,48
1.8E-4,48
2E-5,48
3.4E-4,48
0.00134,48
7.2E-4,24
4E-5,48
2.4E-4,48
0.00253,24
2.1E-4,24
0.00376,24
0.00119,48
1E-5,48
3E-5,48
7.5E-4,24
2E-5,48
1.5E-4,48
5.4E-4,24
4E-5,48
9.9E-4,48
2E-5,48
0.00203,48
0.00201,48
7.6E-4,48
0,48
1.5E-4,48
4.8E-4,48
3E-5,48
0.00397,48
0.00168,48
0.00205,48
0.00124,48
7.1E-4,48
4.6E-4,48
0.00246,24
4E-5,48
0,48
2E-5,24
9.1E-4,24
2.5E-4,24
6.5E-4,48
1.5E-4,48
9.8E-4,48
2.3E-4,48
9E-5,48
1E-5,48
1.7E-4,48
6.7E-4,48
3.6E-4,24
3.1E-4,48
2E-5,48
7E-5,48
6.7E-4,48
0.00131,48
3E-5,48
0.00127,24
1.1E-4,24
0.00188,24
5.9E-4,48
9E-5,48
3.1E-4,48
5E-5,48
0.00287,24
0.00249,48
7E-5,48
2E-5,48
4.9E-4,48
1E-5,48
0.00102,48
0.00101,48
3.8E-4,48
0,48
8E-5,48
2.4E-4,48
2E-5,48
0.00199,48
8.4E-4,48
0.00103,48
6.2E-4,48
8E-5,24
1.4E-4,48
1E-5,48
6.5E-4,24
4.6E-4,24
1.2E-4,24
5E-5,48
1.5E-4,48
0.00322,48
0.00298,48
1.6E-4,48
1E-5,48
3E-5,48
3.4E-4,48
6.6E-4,48
1E-5,48
8E-5,48
0.00122,48
1E-5,48
0,48
4E-5,48
0,48
2.6E-4,48
5E-5,48
1.6E-4,48
3E-5,48
0.00143,24
0.00125,48
3E-5,48
4E-5,24
7E-5,48
1E-5,48
3.3E-4,24
7.3E-4,48
1E-5,48
2.9E-4,48
1.4E-4,48
1E-4,48
7.8E-4,48
1E-5,48
0.00156,48
4.8E-4,48
4E-5,48
8.6E-4,48
0.00252,48
2E-5,48
8E-5,48
0.00161,48
0.00149,48
2.8E-4,48
0.00211,12
0.002,48
4E-5,48
6.1E-4,48
1E-5,48
0,48
2E-5,48
0,48
1.3E-4,48
3E-5,48
0.0045,48
2.5E-4,48
1E-5,24
0.00218,24
6E-5,48
0.0024,24
0.00251,48
0.00249,48
3.4E-4,24
3.7E-4,48
1E-5,48
1.4E-4,48
7E-5,48
5E-5,48
3.9E-4,48
1E-5,48
7.8E-4,48
2.4E-4,48
2E-5,48
4.3E-4,48
0.00126,48
1.7E-4,48
4E-5,48
0.00271,48
0.00387,48
5E-4,24
4.1E-4,48
2.9E-4,48
8E-5,48
3.7E-4,48
2.2E-4,48
0.0023,48
8E-5,48
0,48
0.00235,48
1.4E-4,48
0.00106,12
1E-3,48
8.9E-4,48
6.7E-4,48
0.00209,24
1E-5,48
0.00225,48
1.2E-4,48
1E-5,24
0.00109,24
3E-5,48
0.00306,48
0.00166,48
2E-5,48
6.2E-4,48
0.0012,24
0.00126,48
0.00124,48
1.7E-4,24
0.00191,48
0.00474,48
0.00106,48
4E-4,48
9E-5,48
2E-5,48
0.00135,48
0.00193,48
2.5E-4,24
2.1E-4,48
1.4E-4,48
4E-5,48
1.8E-4,48
1.1E-4,48
0.00115,48
4E-5,48
0,48
0.00118,48
8E-5,48
3E-5,48
6E-5,48
6.6E-4,48
4.5E-4,48
3.3E-4,48
0.00105,24
7E-5,24
0.00217,24
0.0013,24
0.00153,48
8.3E-4,48
1E-5,48
3.1E-4,48
0.00105,48
0.00232,48
0,48
0.00128,24
1E-5,48
5.9E-4,48
4E-5,48
5E-5,48
1E-5,48
3E-5,48
1E-5,48
4.5E-4,24
9.6E-4,48
0.00237,48
5.3E-4,48
2E-4,48
1E-5,48
2.4E-4,24
4E-5,48
1E-5,48
3E-5,48
3.3E-4,48
7.4E-4,48
0.0017,48
5E-5,48
0.00211,48
7.8E-4,48
0.00189,48
0.00232,48
1E-5,48
4E-5,24
0.00109,24
6.5E-4,24
2.4E-4,48
1.8E-4,48
0,48
0.00141,48
0.00195,48
5.2E-4,48
0.00116,48
0,48
6.4E-4,24
1E-5,48
2.9E-4,48
2E-5,48
3E-5,48
0,48
2E-5,48
0,48
2.3E-4,24
2E-5,48
1.3E-4,48
0.00133,48
0.00215,48
0.00138,48
5.4E-4,24
0,48
2.3E-4,48
0.00349,48
0,48
1.2E-4,24
3.7E-4,48
8.5E-4,48
2E-5,48
0.00105,48
3.9E-4,48
9.5E-4,48
0.00116,48
1E-5,48
0.00107,48
0.0011,48
5E-4,48
5E-5,48
1.7E-4,48
1E-4,48
2.6E-4,48
0.0023,48
1.2E-4,48
9E-5,48
0,48
7.1E-4,48
9.8E-4,48
6.3E-4,24
2.1E-4,6
1E-5,48
7E-5,48
6.7E-4,48
0.00107,48
6.9E-4,48
2.7E-4,24
0,48
1.1E-4,48
0.00175,48
3E-5,48
0.00108,48
1.6E-4,48
7E-5,48
3.3E-4,48
2.4E-4,24
0.0033,24
1.4E-4,48
0,48
3.8E-4,24
5.5E-4,48
2E-5,24
0.00136,48
3.7E-4,24
3.1E-4,48
0.00385,48
6.1E-4,48
2E-5,24
5.4E-4,48
5.5E-4,48
2.5E-4,48
3E-5,48
9E-5,48
5E-5,48
1.3E-4,48
0.00115,48
1E-3,48
8.5E-4,48
7.6E-4,24
0.00179,48
0.00287,24
0.00119,48
5.7E-4,48
1.2E-4,48
3.2E-4,24
1.1E-4,6
1E-5,24
0.00225,48
7.5E-4,48
7E-5,48
1.1E-4,24
2E-5,48
5.4E-4,48
8E-5,48
4E-5,48
1.7E-4,48
1.2E-4,24
0.00165,24
7E-5,48
0,48
1.9E-4,24
2.7E-4,48
1E-5,24
0.00276,48
1.5E-4,48
2.3E-4,48
4E-5,48
0.00127,48
7.2E-4,48
1E-5,48
1E-5,48
6.8E-4,48
1.9E-4,24
1.5E-4,48
0.00193,48
3.1E-4,48
1E-5,24
6.6E-4,48
5E-4,48
4.3E-4,48
3.8E-4,24
9E-4,48
0.00144,24
6E-4,48
2.8E-4,48
6E-5,48
1E-5,48
1.1E-4,48
0.00165,48
4.1E-4,48
0.00203,48
1E-5,48
0.00314,48
0,24
0.00113,48
3.7E-4,48
4E-5,48
5E-5,24
9.5E-4,48
8E-4,24
1.3E-4,48
6.6E-4,48
0.00138,48
8E-5,48
1.1E-4,48
2E-5,48
6.3E-4,48
3.6E-4,48
0,48
0,48
1.5E-4,24
9.7E-4,48
6E-5,48
0,24
3.3E-4,48
3.4E-4,48
4E-4,48
3.2E-4,48
0.0015,48
1.8E-4,24
0,48
5E-5,48
8.3E-4,48
2.1E-4,48
0.00102,48
1E-5,48
0.00157,48
7.8E-4,24
2.9E-4,48
3.9E-4,48
2.8E-4,48
1E-5,48
5.3E-4,48
1E-4,48
4E-5,48
4.7E-4,48
4E-4,24
6E-5,48
3.3E-4,48
0.00184,48
7.5E-4,48
0.00157,48
2E-5,48
7E-5,24
4.9E-4,48
3E-5,48
0,24
8E-5,48
5E-4,48
6.4E-4,48
1.4E-4,48
0,48
1.7E-4,48
2E-4,48
1.6E-4,48
7.5E-4,48
9E-5,24
3.9E-4,24
1.5E-4,48
1.9E-4,48
1.4E-4,48
0,48
2.7E-4,48
5E-5,48
2E-5,48
1.3E-4,48
4.1E-4,48
0,48
3.4E-4,48
3.6E-4,48
8E-4,48
0.00348,48
9.2E-4,48
3.8E-4,48
7.8E-4,48
1E-5,48
6E-5,24
0.00136,24
4E-5,48
2.5E-4,48
3.2E-4,48
7E-5,48
0,48
0.00118,24
7.2E-4,48
1.7E-4,48
0.00199,48
0,48
0,48
0,48
2.5E-4,24
2E-4,48
2.5E-4,48
1.4E-4,48
8.3E-4,48
1.9E-4,48
1E-4,48
8.9E-4,48
8.5E-4,48
0.00306,48
0.00419,24
4E-5,48
3.6E-4,48
4.5E-4,48
1.5E-4,24
6E-5,48
2E-4,48
0,48
1.7E-4,48
1.8E-4,48
4E-4,48
0.00174,48
6.9E-4,48
3E-5,48
0.00194,48
5E-5,48
9.1E-4,48
0.00117,48
1E-4,48
0.00101,48
1.4E-4,48
3E-5,24
6.8E-4,24
1E-3,48
7E-5,24
0.00131,48
1E-5,24
2E-5,48
5.9E-4,24
3.6E-4,48
8E-5,48
1E-3,48
0,48
0,48
0,48
1.2E-4,24
1E-4,48
1.3E-4,48
7E-5,48
4.2E-4,48
9E-5,48
5E-5,48
4.5E-4,48
4.3E-4,48
0.00153,48
2E-4,48
5E-5,48
1E-5,24
8.8E-4,48
0.0021,24
2E-5,48
1.8E-4,48
2.3E-4,48
7E-5,24
1.3E-4,24
0.00128,48
2E-4,48
0.00121,24
3.5E-4,48
2E-5,48
9.7E-4,48
2E-5,48
4.6E-4,48
5.8E-4,48
5E-5,48
5.1E-4,48
7E-5,48
0.0014,48
0,48
3.7E-4,48
0.00107,48
9.5E-4,48
0,48
0.00376,48
0.00168,48
0.00243,48
1.3E-4,48
2E-5,48
5E-4,48
3E-5,24
6.6E-4,48
0,24
1E-5,48
1E-4,48
2E-5,48
0,24
4.4E-4,48
5.7E-4,48
1E-4,48
1.6E-4,48
5.8E-4,24
0.00174,48
6E-5,48
1E-5,48
2E-5,48
0.00167,48
3.8E-4,24
0,48
6E-5,24
6.4E-4,48
1E-4,48
6.1E-4,24
4E-5,48
0.00114,48
1E-5,48
7.2E-4,48
0.00234,48
7E-4,48
0,48
1.9E-4,48
5.4E-4,48
4.8E-4,48
0,48
0.00189,48
8.4E-4,48
0.00122,48
6E-5,48
1E-5,48
3.2E-4,48
0,48
8.4E-4,24
3E-5,48
4.6E-4,48
0,48
4.7E-4,48
5.9E-4,48
1E-4,48
1E-5,48
2E-5,48
0.0023,48
2E-5,24
0.00117,48
1.7E-4,48
0.00266,48
1E-5,48
0.00112,48
0,48
9E-5,48
7E-5,48
2.2E-4,48
2.9E-4,48
5E-5,48
8E-5,48
2.9E-4,24
8.7E-4,48
3E-5,48
1E-5,48
1E-5,48
8.4E-4,48
1.9E-4,24
0,48
2E-5,48
5.7E-4,48
1E-5,48
3.6E-4,48
0.00117,48
4E-5,48
0,48
8E-5,48
1E-4,48
0.00117,48
1.6E-4,48
0,48
4.2E-4,24
2E-5,48
2.3E-4,48
0,48
5.9E-4,48
1.1E-4,24
2.3E-4,48
2.9E-4,48
5E-5,48
1E-5,48
1E-5,48
1.7E-4,48
5.1E-4,48
6E-5,48
1.1E-4,24
4.6E-4,48
1E-5,48
2.4E-4,24
2E-5,48
0.00115,48
1E-5,24
5.8E-4,48
9E-5,48
0.00133,48
1E-5,48
5.6E-4,48
0,48
4E-5,48
3E-5,48
1.1E-4,48
3.5E-4,48
1.2E-4,24
5E-5,48
3E-4,24
1.7E-4,48
2.8E-4,48
0.00363,48
2.9E-4,48
1.6E-4,48
0,48
0.00359,48
2E-5,48
0,48
4E-5,48
5E-5,48
5.9E-4,48
0.00121,24
4E-5,48
8.9E-4,24
3E-4,48
5E-5,24
1.4E-4,48
0.00208,48
0,48
5.5E-4,48
8E-5,48
1E-5,48
0.00265,48
5.2E-4,48
0.00115,48
1.7E-4,48
3E-5,48
0.00107,48
8E-5,48
2.6E-4,48
3E-5,48
6E-5,24
2.3E-4,48
1E-5,48
1.2E-4,24
1E-5,48
6E-5,24
0.00143,48
7E-5,48
0.00453,48
8.9E-4,48
1.8E-4,48
6E-5,24
2E-5,48
1.5E-4,24
7E-5,48
1.5E-4,48
0,48
3.5E-4,48
0,48
9E-5,48
1.4E-4,48
0.00182,48
1.5E-4,48
8E-5,48
0,48
0.0018,48
0.00444,48
3.2E-4,48
6.1E-4,24
2E-5,48
4.4E-4,24
9.3E-4,48
4.9E-4,48
3E-5,48
0.00178,12
1E-4,48
4.2E-4,48
2E-5,48
0,48
3E-5,24
7E-5,48
0.00105,48
0,48
2.8E-4,48
4E-5,48
0,48
0.00133,48
2.6E-4,48
5.8E-4,48
8E-5,48
1E-5,48
5.4E-4,48
5E-5,48
0.00465,24
3E-5,48
3E-5,24
7.2E-4,48
4E-5,48
0.00227,48
4.4E-4,48
3.4E-4,48
0,48
0.00251,24
1E-5,48
8.3E-4,48
3.4E-4,24
1E-5,48
1.1E-4,48
0.00183,48
9E-5,48
2E-5,48
9E-5,48
3E-5,48
7E-5,48
0,48
1.7E-4,48
0,48
0,48
0.00774,48
5E-5,24
0.00222,48
1.6E-4,48
9.4E-4,48
5.7E-4,48
7.2E-4,48
3.2E-4,48
0.00166,24
4.3E-4,24
2.1E-4,48
3.9E-4,24
4.7E-4,48
2.5E-4,48
2E-5,48
9E-4,12
5E-5,48
2.1E-4,48
1E-5,48
0,48
1E-5,24
2E-5,48
0.00234,24
2E-5,48
3.3E-4,48
2E-5,48
0,48
2.7E-4,48
0.00267,48
0.00159,48
0.00147,48
1E-5,48
0,48
8.6E-4,48
8E-5,48
7.8E-4,48
3.2E-4,48
1.7E-4,48
0,48
0.00126,24
0,48
4.2E-4,48
1.7E-4,24
1E-5,48
9.2E-4,48
5E-5,48
1E-5,48
6E-5,48
4E-5,48
7E-5,24
0.0029,48
0,48
0.00389,48
3E-5,24
3.3E-4,48
0.00137,24
5.7E-4,24
2.1E-4,48
1.6E-4,48
4.7E-4,48
2.9E-4,48
3.6E-4,48
1.6E-4,48
8.4E-4,24
2.1E-4,24
1.1E-4,48
2E-4,24
0.00142,24
3E-5,48
6.5E-4,48
0.00418,48
1.7E-4,48
2E-4,24
4E-4,48
3E-5,24
8E-4,24
7.4E-4,48
7E-5,48
0.00164,48
4E-5,48
5.6E-4,48
1.6E-4,48
1E-5,48
0,48
1.3E-4,48
0.00134,48
8E-4,48
7.3E-4,48
0,48
0,48
4.3E-4,48
4E-5,48
3.9E-4,48
1.6E-4,48
2E-5,48
0,48
0.00179,48
1E-5,48
9E-5,48
6.6E-4,48
4E-5,24
0.00145,48
2.7E-4,48
0.00356,48
1E-5,48
9.1E-4,48
4.4E-4,48
5.7E-4,48
6.4E-4,48
0.00142,48
3E-4,48
5.4E-4,48
1E-5,48
3.9E-4,48
0.00119,48
1E-5,48
1E-5,24
1.7E-4,48
6.9E-4,24
2.8E-4,24
1.1E-4,48
8E-5,48
0.00148,48
7.1E-4,24
2E-5,48
3.3E-4,48
0.0021,48
9E-5,48
1E-4,24
2E-4,48
1E-5,24
4.1E-4,24
0.0025,48
5.7E-4,48
1.9E-4,48
6E-4,48
1.7E-4,48
3.7E-4,48
3E-5,48
8.2E-4,48
2E-5,48
2.8E-4,48
0.00122,24
5E-5,48
1E-5,48
0,48
9E-4,48
1E-5,48
5E-5,48
3.3E-4,48
0.003,48
0.00213,48
1E-5,48
6E-5,24
6.5E-4,48
3.6E-4,24
1.4E-4,48
0.00179,48
1E-5,48
4.6E-4,48
2.2E-4,48
2.9E-4,48
3.2E-4,48
7.2E-4,48
1.5E-4,48
2.7E-4,48
0,48
2E-4,48
6E-4,48
1E-5,48
0,24
7.7E-4,48
3.2E-4,48
4.7E-4,48
1E-5,48
7.4E-4,48
4.8E-4,24
0.00154,48
6E-4,48
2.6E-4,48
1.7E-4,48
1E-5,48
2.9E-4,48
8.8E-4,48
2.2E-4,48
2.8E-4,48
0.00109,48
1E-5,48
0.00125,48
2.9E-4,48
9E-5,48
3E-4,48
9E-5,48
1E-4,48
0.00213,48
7E-4,48
6.1E-4,24
2E-5,48
1.1E-4,48
4E-4,48
9E-5,48
4.7E-4,48
1E-5,48
9.7E-4,48
0.00151,48
0.00107,48
0,48
3E-5,24
3.3E-4,48
1.8E-4,24
3.8E-4,48
1.6E-4,48
2.4E-4,48
1E-5,48
0.00176,48
2.3E-4,48
1.8E-4,48
0.00104,48
4E-5,48
2.7E-4,48
2.4E-4,24
7.7E-4,48
3E-4,48
1.3E-4,48
9E-5,48
1E-5,48
1.5E-4,48
4.4E-4,48
1.1E-4,48
1.4E-4,48
5.5E-4,48
1E-5,48
4.8E-4,8
2E-5,24
5E-5,48
0.00107,48
3.5E-4,48
8E-4,48
5.6E-4,48
0.0011,48
2E-5,48
1.8E-4,48
2.6E-4,24
4E-5,48
0.00112,48
2.3E-4,48
6.5E-4,24
5E-5,48
2E-4,48
2.3E-4,48
5E-5,48
0,48
4.8E-4,48
4E-5,48
4E-5,24
5E-5,48
4E-5,24
2E-5,48
0.00167,24
0.00171,48
5E-5,48
7.4E-4,24
5.1E-4,24
4E-5,48
2.5E-4,48
4.7E-4,48
4E-4,48
4E-5,48
8.8E-4,48
1.1E-4,48
9E-5,48
5.2E-4,48
2E-5,48
1.3E-4,48
1E-5,48
3E-5,48
0.00161,48
0.00524,48
1E-5,48
0.00129,48
2.4E-4,8
1E-5,24
4.4E-4,48
2.1E-4,48
9.2E-4,48
0.00176,48
4E-4,48
2.8E-4,48
5.5E-4,48
1E-5,48
9E-5,48
1.3E-4,24
2E-5,48
5.7E-4,48
1.1E-4,48
3.2E-4,24
2E-5,48
7.8E-4,48
2E-5,48
2E-5,24
2E-5,48
2E-5,24
5.1E-4,48
0,48
3E-5,48
3.7E-4,48
0.00231,48
0.00207,48
2.9E-4,48
4.6E-4,48
2E-5,48
6.2E-4,48
0.00113,48
1E-5,48
8.4E-4,24
8.6E-4,48
3E-5,48
3.7E-4,24
2.6E-4,24
2E-5,48
1.3E-4,48
2.4E-4,48
2E-4,48
2E-5,48
1.4E-4,24
1.3E-4,48
1E-5,48
2E-5,48
8.1E-4,48
0.00263,48
0,48
6.5E-4,48
2.9E-4,48
6.5E-4,48
2E-5,48
1E-5,24
3E-5,24
3E-5,48
3.4E-4,48
2.8E-4,48
1E-5,48
6.5E-4,24
0,48
1.2E-4,48
1.5E-4,48
9.9E-4,24
4E-5,48
5.3E-4,48
0.00122,48
2.2E-4,48
1.1E-4,48
4.6E-4,48
8.8E-4,48
4E-5,48
7E-5,48
0.00203,48
2.3E-4,48
4.9E-4,48
1E-5,48
3.9E-4,48
9.6E-4,48
0.0018,48
0,48
8.3E-4,48
6E-5,48
2E-5,48
2.5E-4,48
0,48
1E-5,48
1.8E-4,48
0.00116,48
0.00104,48
1.4E-4,48
2.3E-4,48
1E-5,48
3.1E-4,48
5.7E-4,48
5E-4,24
1.5E-4,24
6.2E-4,48
7E-5,24
7E-5,48
2.4E-4,48
7E-5,48
3.1E-4,48
4.9E-4,48
7E-5,24
0,48
0.00119,48
6E-5,48
2.4E-4,48
0,48
1.5E-4,48
3.3E-4,48
1E-5,48
0,24
1E-5,24
2E-5,48
1.7E-4,48
1.4E-4,48
0,48
3.3E-4,24
0,48
6E-5,48
7E-5,48
5E-4,24
2E-5,48
2.7E-4,48
6.1E-4,48
2E-5,48
3E-5,48
0.00102,48
1.1E-4,48
2.5E-4,48
0.00144,48
0.0013,48
2.9E-4,48
6.4E-4,48
1.3E-4,48
4.8E-4,48
9.1E-4,48
0,48
4.1E-4,48
3E-5,48
1E-5,48
3.7E-4,48
2.5E-4,48
2.7E-4,48
2.5E-4,24
7E-5,24
3.1E-4,48
6.9E-4,48
1.8E-4,48
0,48
7.9E-4,48
3.7E-4,24
1E-5,48
5E-5,24
1.2E-4,48
4E-5,48
1.6E-4,48
2.5E-4,48
3E-5,24
0,48
6E-4,48
3E-5,48
1.2E-4,48
0,48
4.2E-4,48
1.4E-4,48
0.00129,24
3.6E-4,48
0.00205,48
1.9E-4,48
3E-5,6
0.0025,48
2E-5,48
2E-5,48
1E-5,48
4E-5,48
3.7E-4,48
0,48
3E-5,48
9.2E-4,48
1.5E-4,48
3E-5,48
3E-5,48
0,24
7.2E-4,48
6.6E-4,48
1.4E-4,48
3.2E-4,48
7E-5,48
0.00183,48
8E-5,24
5E-5,24
1.9E-4,48
1.2E-4,48
1.3E-4,48
3E-5,48
0,48
5E-5,48
7.8E-4,48
3E-5,48
0.00242,48
0.00172,48
0.00134,48
0,48
0.00192,48
3.5E-4,48
9E-5,48
0,48
4E-4,48
1.9E-4,24
0,48
2E-5,24
0.00147,48
0.00111,48
9.4E-4,24
2.1E-4,48
7E-5,48
6.5E-4,24
1.8E-4,48
0.00103,48
1E-4,48
1E-5,6
7.3E-4,48
0.00219,48
3.1E-4,48
8E-5,48
3E-5,48
0.00126,48
1E-5,48
1E-5,48
0,48
2E-5,48
1.8E-4,48
0,48
2E-5,48
4.6E-4,48
7E-5,48
1E-5,48
2E-5,48
0,24
9.2E-4,48
4E-5,24
3E-5,24
0.00312,48
2E-4,48
1E-4,48
0.00102,48
2E-5,48
2.5E-4,48
0.00243,48
1.6E-4,48
8E-5,48
4.8E-4,48
1E-5,48
0,48
3E-5,48
3.9E-4,48
1E-5,48
0.00122,48
8.6E-4,48
6.7E-4,48
0,48
9.6E-4,48
6E-5,24
3.2E-4,48
1.5E-4,24
7.4E-4,48
5.6E-4,48
4.7E-4,24
7.8E-4,24
3E-4,24
1.2E-4,24
2.4E-4,48
1.1E-4,24
2E-5,48
6.7E-4,48
4.3E-4,48
4E-5,24
3E-4,48
1.1E-4,48
3.7E-4,48
0.0011,48
1.6E-4,48
4E-5,48
2E-5,48
3.6E-4,48
2.9E-4,48
0.00235,48
7.8E-4,48
2E-5,48
4.3E-4,48
1E-5,48
1.3E-4,48
9E-4,48
5.8E-4,48
2.6E-4,48
4.3E-4,48
1E-5,48
0.00157,48
1E-4,48
5E-5,48
5.1E-4,48
1E-5,48
1.3E-4,48
0.00122,48
8E-5,48
4E-5,48
2.4E-4,48
3E-5,24
1.6E-4,48
8E-5,24
1E-5,48
1E-5,48
0.00147,48
4E-5,48
0.00183,48
2E-4,48
7.5E-4,48
0.00239,48
4E-5,48
2.6E-4,48
6E-5,48
8E-5,48
5.2E-4,48
3.9E-4,24
1.5E-4,24
6E-5,24
1.2E-4,48
6E-5,24
1E-5,48
3.4E-4,48
2.2E-4,48
2E-5,24
1.5E-4,48
5E-5,48
1.8E-4,48
1.5E-4,48
0.00118,48
3.9E-4,48
1E-5,48
2.2E-4,48
1E-5,48
7E-5,48
4E-5,48
2E-5,48
6.5E-4,48
2E-5,48
0.00186,48
3.7E-4,48
4E-4,48
2.5E-4,48
4.5E-4,48
2.9E-4,48
1.3E-4,48
2.2E-4,48
1E-5,48
0.0021,48
8E-5,48
4.4E-4,48
1.1E-4,48
7E-5,24
1E-5,24
1.2E-4,48
0.0015,48
6E-5,48
1E-5,48
3.4E-4,48
0,48
0,48
7.4E-4,48
2E-5,48
9.2E-4,48
1E-4,48
3.8E-4,48
0.0012,48
2E-5,48
1.3E-4,48
3E-5,48
4E-5,48
2.7E-4,48
8E-5,48
2.7E-4,24
2.2E-4,48
1E-5,48
0.00415,12
0.00339,48
0,24
0.00532,24
4E-5,48
3.9E-4,48
1.4E-4,48
9.9E-4,48
2.8E-4,48
7.4E-4,48
0.00104,48
1.1E-4,24
2E-5,48
1E-5,48
3.3E-4,48
1E-5,48
9.4E-4,48
1.8E-4,48
2E-4,48
1.3E-4,48
0.00845,24
0.00206,24
0.00141,48
5.1E-4,48
0.00106,48
4E-5,48
2.2E-4,48
6E-5,48
3E-5,24
0,24
0.00135,48
8E-5,48
0.00789,48
0,48
9.5E-4,48
0,48
3E-4,48
5E-5,48
0.00286,48
4E-5,48
6E-5,48
7.5E-4,48
3E-5,48
1E-5,48
1.7E-4,48
0.00162,24
4E-5,48
0.00696,24
4E-5,48
1.4E-4,24
1.1E-4,48
0,48
0.00209,12
0.0017,48
0,24
0.00143,48
1.4E-4,48
7.4E-4,48
2E-5,24
1E-5,48
5.9E-4,24
0.00267,24
2E-5,48
2E-4,48
7E-5,48
5E-4,48
1.4E-4,48
3.7E-4,48
5.2E-4,48
5E-5,24
0.0092,48
1.1E-4,48
6E-5,48
0.00425,24
0.00103,24
7E-4,48
2.5E-4,48
5.3E-4,48
1.4E-4,48
3.7E-4,48
9E-4,48
1E-5,24
0.00119,48
7.8E-4,48
3E-5,48
7E-5,48
0.00364,48
2.2E-4,48
8E-5,48
6.8E-4,48
4E-5,48
0.00397,48
0,48
4.8E-4,48
0,48
1.5E-4,48
2E-5,48
0.00144,48
2E-5,48
9.9E-4,48
0.00396,24
0,48
5E-5,48
8.1E-4,24
2E-5,48
0.0035,24
0.00282,48
0.00161,48
0.0017,48
0.00454,48
0.00407,48
5.8E-4,48
8E-5,48
0.00196,24
7.2E-4,48
7E-5,48
3.8E-4,48
1E-5,24
1E-5,48
3E-4,24
0.00463,48
5E-5,48
3E-5,48
2.4E-4,48
1.2E-4,48
0.00417,48
3.4E-4,48
2.7E-4,48
7E-5,48
1.9E-4,48
4.5E-4,48
1E-5,24
6E-4,48
3.9E-4,48
2E-5,48
3E-5,48
0.00183,48
1.1E-4,48
4E-5,48
5.1E-4,24
0.00185,24
0.00539,48
5E-4,48
0.00199,24
0,48
3E-5,48
4E-5,48
1.5E-4,48
0.00253,24
1.4E-4,48
0.00121,48
8.5E-4,24
3E-5,48
7.4E-4,48
2.2E-4,48
4.7E-4,48
0.00106,48
7.3E-4,48
0.00114,48
3.5E-4,48
1E-5,48
0.00142,48
8.1E-4,48
8.6E-4,48
0.00228,48
0.00205,48
2.9E-4,48
4E-5,48
9.9E-4,24
0.002,24
0.00507,48
6.6E-4,24
8E-5,48
1E-5,48
2.6E-4,48
9.5E-4,48
3.6E-4,48
0.00151,48
1.2E-4,48
6E-5,48
0.00209,48
1.7E-4,48
3.8E-4,48
0.00281,48
0.00171,24
1.8E-4,48
3.3E-4,48
0.00101,48
3.3E-4,48
2.6E-4,24
9.3E-4,24
0.00271,48
5.2E-4,48
0.00293,48
0.00101,48
0.00114,48
6.9E-4,48
2.2E-4,48
1.3E-4,48
0.00147,48
8E-5,48
2E-5,48
8E-5,48
0.00127,24
7E-5,48
6.1E-4,48
4.3E-4,24
2E-5,48
3.7E-4,48
1.1E-4,48
2.4E-4,48
5.3E-4,48
3.7E-4,48
5.7E-4,48
1.7E-4,48
1E-5,48
0.00104,24
7.2E-4,48
0.00357,48
8.9E-4,24
9E-5,24
8.1E-4,24
0.00101,24
0.00255,48
3.3E-4,24
0.00125,48
2.4E-4,48
5.4E-4,48
0,48
0.00144,48
2E-5,48
1.6E-4,48
4E-5,48
0,48
1.3E-4,48
4.8E-4,48
1.8E-4,48
7.6E-4,48
6.1E-4,48
1.9E-4,48
0.00141,48
8.6E-4,24
9E-5,48
1.6E-4,48
5.1E-4,48
1.7E-4,48
8E-5,48
4.9E-4,24
2.3E-4,48
4.7E-4,48
5.2E-4,24
2.6E-4,48
0.00148,48
5.1E-4,48
5.7E-4,48
3.5E-4,48
1.1E-4,48
6E-5,48
7.4E-4,48
4E-5,48
9E-5,48
3E-5,24
0.00342,48
6.1E-4,48
6.9E-4,48
8E-5,48
0.00158,48
9.6E-4,48
5.2E-4,24
3.6E-4,48
0.00179,48
4.4E-4,24
4E-5,24
4.1E-4,24
1E-5,48
0.00117,48
3.8E-4,48
2.1E-4,48
2.1E-4,48
2.5E-4,48
9E-5,48
6.3E-4,48
1.2E-4,48
2.7E-4,48
0,48
7.2E-4,48
1E-5,48
8E-5,48
8E-5,48
6.2E-4,48
3.1E-4,48
7E-5,48
7E-5,48
9.8E-4,48
0.00174,48
6.8E-4,48
8.2E-4,24
5.9E-4,48
7E-4,48
8E-5,48
1E-3,48
8E-5,48
1E-5,24
0.00173,48
4.2E-4,24
4E-5,48
2.5E-4,24
1.2E-4,48
2.4E-4,48
2.6E-4,24
4E-5,48
1E-5,24
0.00172,48
3.1E-4,48
3.5E-4,48
4E-5,48
8E-4,48
4.8E-4,48
4.5E-4,48
0.00194,48
9E-4,48
6E-5,48
2E-4,48
4E-5,48
3E-5,48
4.9E-4,48
3E-4,48
0.00222,48
2E-5,48
9.8E-4,48
8E-5,48
1E-5,48
7.3E-4,48
1E-5,48
5.9E-4,48
1.9E-4,48
1E-4,48
1.1E-4,48
1.3E-4,48
5E-5,48
2.7E-4,48
8.4E-4,24
4E-5,48
3.1E-4,48
0.00256,48
2.1E-4,48
6.2E-4,48
4.2E-4,48
1E-5,24
3.1E-4,24
3E-5,48
4E-5,48
4.9E-4,48
8.8E-4,48
3.4E-4,48
4.1E-4,24
3E-4,48
3.5E-4,48
4E-5,48
5E-4,48
4E-5,48
1E-5,24
8.7E-4,48
2.1E-4,24
1E-4,48
4.1E-4,48
5.9E-4,48
0,48
0,48
0.00224,48
4.6E-4,48
1E-5,48
7.7E-4,48
1.9E-4,48
1.3E-4,48
3.4E-4,48
1.9E-4,24
0.00101,48
1E-5,48
2.3E-4,48
9.8E-4,48
4.5E-4,48
3E-5,48
1E-4,48
2E-5,48
2E-5,48
2.4E-4,48
1.5E-4,48
0.00112,48
1E-5,48
5E-4,48
4E-5,48
1E-5,48
3.7E-4,48
2.2E-4,48
2.1E-4,24
0,24
1.3E-4,48
4.2E-4,24
2E-5,48
3E-5,48
1.1E-4,48
2E-5,48
4E-5,48
5.3E-4,48
2E-5,48
7.4E-4,48
0.00129,48
1.1E-4,48
3.1E-4,48
2.1E-4,48
0,24
1.6E-4,24
1E-3,48
4E-5,48
1.5E-4,24
9E-5,48
5E-5,48
2E-4,48
3E-4,48
0,48
1E-5,48
0,48
0.00333,48
3.7E-4,48
0,48
0.00113,48
2.3E-4,48
1E-5,48
3.9E-4,48
9E-5,48
7E-5,48
1.7E-4,48
9E-5,24
5.1E-4,48
1E-5,48
8.5E-4,24
0.00191,48
8.1E-4,48
1.1E-4,48
1E-4,24
0,24
7E-5,48
6E-4,48
0.00114,48
5.8E-4,24
0.00155,48
0.00199,48
6E-5,48
2.5E-4,48
1.3E-4,48
7E-5,48
9.6E-4,48
0,48
5E-4,48
4E-5,48
1.3E-4,24
1E-5,48
2E-5,48
5E-5,48
1E-5,48
2E-5,48
2.6E-4,48
1E-5,48
3.7E-4,48
1E-5,48
0.00259,48
4.1E-4,48
3.5E-4,48
5E-4,48
2E-5,48
8E-5,24
5E-5,48
0.00257,24
1.4E-4,48
0.00209,48
1.1E-4,48
8E-5,48
5.5E-4,24
1.8E-4,48
0,48
0,48
0.00167,48
1.8E-4,48
5.1E-4,48
3.3E-4,48
7.7E-4,48
0.00474,48
3.7E-4,48
4.3E-4,24
9.6E-4,48
4.1E-4,48
7.1E-4,48
1.6E-4,48
0.00126,48
1.6E-4,48
2E-5,24
3E-5,48
3E-4,48
5.7E-4,48
2.9E-4,24
7.8E-4,48
1E-3,48
3E-5,48
1.2E-4,48
6E-5,48
3E-5,48
4.8E-4,48
0,48
2.5E-4,48
2E-5,48
6E-5,24
1E-5,48
0.0013,48
2E-4,48
1.8E-4,48
7E-5,48
7E-5,48
2.3E-4,48
8E-5,48
0.00105,48
0.00122,48
2.1E-4,48
1.1E-4,48
0.00286,48
0,48
7E-5,48
1E-4,48
5E-5,48
5E-5,48
1E-5,48
6.8E-4,48
0.00129,24
7E-5,48
0.00106,48
6E-5,48
4E-5,48
2.8E-4,24
9E-5,48
1.5E-4,48
7E-5,24
2.6E-4,48
1.7E-4,48
3.9E-4,48
0.00239,48
1.9E-4,48
1E-4,48
0.00116,48
4.1E-4,48
1E-5,48
6E-5,48
8.8E-4,48
1.2E-4,48
8E-5,48
3.6E-4,48
8E-5,48
6.4E-4,48
8E-5,48
1E-5,24
1.7E-4,24
1E-5,48
4.4E-4,24
1.9E-4,48
0.00127,48
2.5E-4,48
4.3E-4,48
2E-5,24
9.1E-4,48
7.4E-4,48
2.1E-4,48
3.4E-4,48
4E-5,48
3E-5,48
1.2E-4,48
4E-5,48
5.3E-4,48
6.1E-4,48
1.1E-4,48
5E-5,48
0.00144,48
0,48
4E-5,48
5E-5,48
2E-5,48
2E-5,48
1E-5,48
3.5E-4,48
0.00297,48
1.6E-4,48
9.8E-4,48
3E-5,48
1.8E-4,48
7E-5,48
4E-5,24
6E-4,24
1E-5,48
1.8E-4,48
0.0013,48
7E-5,48
9E-5,48
5.5E-4,48
4E-5,24
5E-5,48
5.8E-4,48
2.1E-4,48
0,48
3E-5,48
4.4E-4,48
6E-5,48
4E-5,48
2.1E-4,48
0.00131,24
9E-5,48
9E-5,24
1E-5,48
2.2E-4,24
1E-4,48
0.00181,48
0.00428,48
5E-4,48
3.6E-4,48
1.2E-4,48
1.1E-4,48
2.5E-4,48
1.7E-4,48
1.3E-4,48
6.4E-4,48
1.3E-4,48
2.2E-4,48
1E-5,24
4.6E-4,48
3.8E-4,48
1.1E-4,48
1.7E-4,48
0.0015,48
8E-5,48
5E-4,48
2E-5,48
9E-5,48
3E-5,24
9.4E-4,48
3E-4,48
7.4E-4,48
2.8E-4,24
0,48
3E-4,24
0,48
9E-5,48
6.5E-4,48
3E-5,48
5E-5,48
2.8E-4,48
2E-5,24
2.5E-4,48
6E-4,48
0.00301,48
5E-5,48
2.7E-4,24
1E-4,48
6.6E-4,24
5E-5,48
3E-5,48
2.4E-4,48
1.3E-4,48
0.0024,48
5.6E-4,48
0,48
0.00122,48
5E-5,48
3.6E-4,48
3.6E-4,48
5.4E-4,48
4E-5,48
7.8E-4,48
3E-4,48
9.2E-4,48
0.00216,48
2.5E-4,48
1.8E-4,48
6E-5,48
5E-5,48
1.2E-4,48
8E-5,48
7E-5,48
1E-5,48
5E-5,48
2E-5,48
1E-5,48
1E-4,48
2E-5,48
5.5E-4,48
2E-5,48
1.4E-4,48
0.00175,48
1E-5,48
1.7E-4,48
0.00127,48
1.2E-4,48
2E-5,24
4.8E-4,48
1.5E-4,48
3.7E-4,48
1.4E-4,24
0,48
1.2E-4,48
3E-4,48
0.00152,48
3E-5,48
1.3E-4,24
0.00239,48
4.4E-4,48
6E-4,48
1.8E-4,48
1E-5,48
1.2E-4,48
6E-5,48
0.00121,48
2.8E-4,48
0,48
6.1E-4,48
2E-5,48
1.8E-4,48
1.8E-4,48
2.7E-4,48
2E-5,48
3.9E-4,48
1.5E-4,48
9.5E-4,48
1E-5,48
3E-5,48
1.2E-4,48
4.1E-4,48
0.00248,48
1.9E-4,48
5E-5,48
9.4E-4,48
0.00168,12
3.8E-4,48
5.6E-4,48
1E-5,48
0,48
5E-5,48
1E-5,48
2.8E-4,48
1E-5,48
7E-5,48
8.9E-4,48
1E-5,48
9E-5,48
6.4E-4,48
6E-5,48
1.7E-4,48
0.0059,24
2.2E-4,48
1.7E-4,24
4.6E-4,48
6.3E-4,24
2.4E-4,48
7.3E-4,48
5.4E-4,24
2.9E-4,48
3.3E-4,48
0.00246,24
0.00174,48
5E-5,48
0.00121,48
2.2E-4,48
3E-4,48
9E-5,48
6E-5,24
0.00169,24
0.00985,48
4.9E-4,48
4E-5,48
3.6E-4,48
4.8E-4,48
3.6E-4,48
8.1E-4,48
2E-5,24
0.00221,24
5.7E-4,48
3.6E-4,48
6E-5,48
2.1E-4,48
0.00125,48
9E-5,48
3E-5,48
4.7E-4,48
8.5E-4,12
1.9E-4,48
2.8E-4,48
5.5E-4,48
0.00229,48
9E-5,48
0.00298,24
1.1E-4,48
9E-5,24
2.3E-4,48
0.0023,48
0.00399,48
0.00195,48
6.9E-4,48
4.2E-4,48
4E-5,48
2E-4,48
0.0032,48
3.7E-4,48
4.1E-4,48
2E-5,48
0,48
2E-5,48
3.2E-4,24
1.2E-4,48
3.7E-4,48
2.7E-4,24
1.5E-4,48
1.7E-4,48
0.00125,24
8.8E-4,48
3E-5,48
2.6E-4,48
6.3E-4,24
7.5E-4,6
3E-5,24
8.5E-4,24
0.00498,48
2.5E-4,48
2E-5,48
1.8E-4,48
0.00175,24
1E-5,48
0.00131,24
4.9E-4,24
1.7E-4,48
9.4E-4,48
9.5E-4,48
2E-5,48
2.5E-4,48
0,24
1.8E-4,48
4.1E-4,48
1E-5,24
0.00112,24
2.9E-4,48
1.8E-4,48
0.0044,48
0.00285,48
7.2E-4,48
1.7E-4,24
2E-5,48
0.003,24
2.8E-4,48
0.00116,48
5E-5,48
9.9E-4,48
5.5E-4,48
4E-5,48
3.1E-4,24
0,48
0.00116,48
0.00202,48
9.9E-4,48
3.5E-4,48
2.1E-4,48
2E-5,48
1E-4,48
0.00162,48
1.9E-4,48
2.1E-4,48
1E-5,48
0,48
1E-5,48
0.00234,24
1.1E-4,48
1E-5,24
1E-5,48
6.9E-4,48
0.00468,48
5E-5,48
4.7E-4,24
1.3E-4,48
3.2E-4,24
3.8E-4,6
2.5E-4,48
0.00128,48
0.00369,48
2.7E-4,48
4.2E-4,48
0.00157,48
1.6E-4,48
4E-5,48
4.8E-4,48
8E-5,48
0.00513,48
1E-5,48
1E-5,48
2.2E-4,48
4E-5,48
6.5E-4,48
2E-5,48
8.8E-4,24
0,48
6.6E-4,24
2.5E-4,24
9E-5,48
4.7E-4,48
4.8E-4,48
1E-5,48
1.3E-4,48
0,24
0.00222,48
0.00144,48
3.7E-4,48
9E-5,24
1E-5,48
0.00152,24
4.3E-4,48
0.00172,48
0.00109,48
9E-5,48
2E-5,48
5E-5,48
8E-5,48
3E-5,48
5E-4,48
2.8E-4,48
2E-5,48
1.6E-4,24
0,48
0.00482,48
6.3E-4,48
7.8E-4,24
0.00118,24
5E-5,48
0,24
1E-5,48
3.5E-4,48
0.00237,48
3E-5,48
2.3E-4,24
1.8E-4,48
0.0011,48
4.9E-4,48
8.6E-4,48
2E-5,24
1E-5,48
9.6E-4,24
4.2E-4,48
1.2E-4,48
6.5E-4,48
0.00187,48
1.4E-4,48
2.1E-4,48
8E-4,48
8E-5,48
2E-5,48
2.4E-4,48
4E-5,48
0.00259,48
1E-5,48
1E-5,48
1.1E-4,48
2E-5,48
3.2E-4,48
1E-5,48
3.2E-4,24
1.1E-4,48
2.5E-4,24
0.00166,48
6.9E-4,48
7E-5,48
7E-5,24
5E-5,48
0,48
4E-5,48
6E-4,48
1.5E-4,24
1.6E-4,48
0.00116,48
3E-5,48
2.2E-4,48
8.7E-4,48
5.5E-4,48
5E-5,48
1E-5,48
3E-5,48
4E-5,48
8E-5,48
1.1E-4,48
5E-4,48
3E-5,24
0.00244,48
3.2E-4,48
3.9E-4,24
7E-5,48
2.6E-4,48
2.6E-4,24
1E-4,48
1.4E-4,48
5.7E-4,48
3E-5,48
0.00267,48
9E-5,48
5.6E-4,48
2.5E-4,48
4.3E-4,48
1E-5,24
1E-5,48
4.9E-4,24
2.1E-4,48
3E-4,48
3.8E-4,48
4E-5,24
0.00164,48
8.5E-4,48
1.6E-4,24
5E-5,48
1.3E-4,24
8.4E-4,48
3.5E-4,48
4E-5,48
5.8E-4,48
3E-5,48
3E-5,48
0,48
9E-5,48
4.8E-4,48
0.00229,48
3.6E-4,48
7.3E-4,48
4E-5,24
3E-5,48
0,48
2E-5,48
3E-4,48
7E-5,24
8E-5,48
5.9E-4,48
2E-5,48
1.4E-4,24
9E-5,24
4E-5,48
6E-5,48
2.5E-4,48
1E-5,24
3.5E-4,48
3.3E-4,48
0.00304,48
4.6E-4,48
1E-5,24
1.4E-4,48
7.1E-4,48
1.2E-4,48
5E-5,48
3.7E-4,48
0.00121,48
0.00121,48
8E-5,48
2E-4,24
3E-5,48
1.3E-4,48
1.3E-4,24
5E-5,48
7E-5,48
2.9E-4,48
2E-5,48
0.00135,48
5.7E-4,48
8E-4,24
4.4E-4,48
9E-5,24
1.5E-4,48
1.9E-4,48
2E-5,24
8.2E-4,48
4.2E-4,48
3.9E-4,48
3E-5,48
8.4E-4,48
1.4E-4,48
2E-5,48
7E-5,48
2.4E-4,48
3.7E-4,48
2.9E-4,48
1E-5,48
2E-5,48
0,48
5E-5,48
2.4E-4,48
0.00116,48
1.8E-4,48
3.7E-4,48
0.00272,48
3.8E-4,48
8.4E-4,48
7.9E-4,48
8E-5,48
6E-5,48
6E-5,48
7E-5,24
4E-5,24
4E-5,48
0.00209,48
3.1E-4,48
1.8E-4,48
1.7E-4,48
0.00154,48
2.3E-4,48
1E-5,24
7E-5,48
3.6E-4,48
6E-5,48
2E-5,48
1.9E-4,48
6.1E-4,48
6.1E-4,48
4E-5,48
1E-4,24
2.9E-4,48
4.1E-4,24
2.2E-4,48
5E-5,24
5E-5,48
5.6E-4,48
1E-5,48
3E-5,48
3E-5,48
1E-5,48
2E-4,48
2E-5,48
4.3E-4,48
7E-5,48
1E-5,48
4E-5,48
1.2E-4,48
1.9E-4,48
0.00138,48
1.9E-4,48
4.2E-4,48
4E-4,48
4E-5,48
3E-5,48
3E-5,48
2.2E-4,48
3.8E-4,24
1E-4,48
7E-4,48
8.2E-4,48
1.5E-4,48
0,48
1E-5,48
1E-5,48
0.00248,48
2E-4,48
6E-5,48
3E-5,24
2E-5,48
0.00106,48
1.5E-4,48
2E-5,48
8E-5,48
4.5E-4,48
0.00129,48
4.7E-4,48
1E-5,48
2.8E-4,48
0,48
0.00107,48
0.00108,48
8E-4,48
2E-5,48
2E-5,48
2.8E-4,48
1E-5,48
2E-5,48
2E-5,48
0,48
0,48
2.2E-4,24
6E-5,24
0,48
4E-5,48
1.2E-4,48
0.00129,48
5E-5,48
9.8E-4,48
0.00112,48
0.00227,48
1.6E-4,24
5E-4,48
1.8E-4,48
5E-5,48
6E-5,48
1E-4,48
1.1E-4,48
1.9E-4,24
5E-5,48
3.5E-4,48
4.1E-4,48
8E-5,48
0,48
1E-5,48
0,48
0.00125,48
1E-4,48
3E-5,48
2E-5,24
0.00219,24
4.2E-4,48
1E-5,48
4E-5,48
2.3E-4,48
6.5E-4,48
2.4E-4,48
0,48
4.3E-4,48
0.0037,48
6.2E-4,48
2.3E-4,48
1E-5,48
3E-5,48
1.3E-4,48
0.00194,48
7E-5,48
1.6E-4,48
5.3E-4,48
3E-5,48
1.4E-4,48
0,48
5.4E-4,48
5.5E-4,48
4E-4,48
1E-5,48
2.4E-4,48
9.9E-4,48
1.6E-4,24
6.9E-4,24
0,48
1.1E-4,24
3E-5,24
2.9E-4,48
1.8E-4,48
0.00313,48
2.9E-4,48
0,48
2E-5,48
6E-5,48
6.5E-4,48
3E-5,48
4.9E-4,48
5.7E-4,48
0.00115,48
8E-5,24
2.5E-4,48
9E-5,48
3E-5,48
3E-5,48
5E-5,48
0.00126,48
0.00493,48
5.8E-4,48
3.5E-4,48
0.00111,24
2.1E-4,48
6.1E-4,24
0.00168,48
9E-5,48
6E-5,48
9.1E-4,48
2.7E-4,48
9E-5,48
1E-5,48
2.7E-4,24
2.7E-4,48
1.8E-4,48
1.7E-4,48
0.00105,48
2.2E-4,48
0.00188,48
3.1E-4,48
1.1E-4,48
0,48
2E-5,48
7E-5,48
9.8E-4,48
4E-5,48
8E-5,48
2.7E-4,48
2E-5,48
5.7E-4,48
1E-4,48
6.9E-4,48
1.2E-4,24
1.2E-4,48
5E-4,48
8E-5,24
3.5E-4,24
8E-4,48
1E-5,48
4.9E-4,48
0,48
0,48
0.00255,48
1.5E-4,48
1.1E-4,48
1.5E-4,48
9E-5,48
0.00158,48
1.5E-4,48
6.3E-4,48
0.0025,48
2.9E-4,48
1.8E-4,48
2.2E-4,48
3.5E-4,48
0,48
1E-5,48
6.6E-4,48
0.00165,48
1.7E-4,48
0.00183,48
2E-5,48
3.1E-4,24
8.5E-4,48
4E-5,48
3E-5,48
4.6E-4,48
1.4E-4,48
4E-5,48
1E-5,48
1.4E-4,24
1.4E-4,48
9E-5,48
9E-5,48
5.3E-4,48
1.8E-4,48
6E-5,48
0.00228,48
2.9E-4,48
5E-5,48
3.5E-4,48
6E-5,24
0.00128,48
0.00242,48
1E-5,24
6E-5,48
6E-5,48
1.2E-4,48
2E-5,48
1E-5,24
4E-4,48
1E-5,48
2.5E-4,48
0,48
0,48
0.00129,48
7E-5,48
5E-5,48
3E-5,24
2E-5,48
2E-5,24
0.00197,24
6.5E-4,48
1E-5,24
6E-5,48
0.00328,48
1E-5,48
3E-5,48
1.1E-4,48
1.8E-4,48
0,48
1E-5,48
3.4E-4,48
8.3E-4,48
8E-5,48
9.3E-4,48
1E-5,48
2.8E-4,48
0.00506,48
3E-4,48
0,48
0,48
2E-5,48
5.4E-4,48
9E-5,48
3E-5,48
0.00115,48
7E-5,48
2.6E-4,24
0,48
9E-5,48
0.00168,48
2E-5,48
8.1E-4,48
2E-5,48
1.6E-4,48
6.5E-4,48
0.00122,48
0,24
3E-5,48
3E-5,48
6E-5,48
1E-5,48
0,24
5.3E-4,48
4E-4,8
8E-5,48
1E-5,24
1E-5,48
1E-5,24
2E-5,48
0.00295,48
4.5E-4,48
0.0017,48
0,48
0.00447,48
3E-4,48
7.1E-4,48
0.00115,48
3E-5,48
1E-3,24
3.3E-4,48
0,24
3E-5,48
0.00166,48
1E-5,48
1E-5,48
1.4E-4,48
0.00256,48
1.5E-4,48
0,48
0,48
1E-5,48
2.7E-4,48
0.00117,48
2E-5,48
3.4E-4,48
1E-5,48
2.7E-4,24
1.6E-4,48
1.3E-4,24
2.2E-4,48
1E-4,48
3E-5,48
4.3E-4,24
1.3E-4,24
3E-5,48
1.3E-4,24
0,48
5E-5,48
8.5E-4,48
1E-5,48
4.1E-4,48
1E-5,48
8E-5,48
1E-5,48
0.00149,48
5.7E-4,48
0.00161,48
7E-4,48
1E-4,48
5E-5,48
7E-5,24
2.7E-4,48
2E-4,8
4E-5,48
9.6E-4,48
0,48
4E-4,48
1.4E-4,48
2E-5,24
1E-5,48
0.00149,48
2.3E-4,48
8.6E-4,48
0,48
0.00226,48
1.5E-4,48
3.6E-4,48
5.9E-4,48
1E-5,48
8.2E-4,48
0.0036,48
3E-5,48
0.00188,48
3.4E-4,48
0.00217,48
3E-5,48
0.0012,48
1.4E-4,48
3.6E-4,48
4.1E-4,48
0.00134,48
1.3E-4,48
1E-4,48
4.1E-4,48
2.7E-4,24
1.6E-4,48
6E-4,48
1E-5,48
1.7E-4,48
1E-5,48
1.3E-4,24
8E-5,48
6E-5,24
1.1E-4,48
5E-5,48
2E-5,48
2.1E-4,24
7E-5,24
1E-5,48
7.5E-4,48
2.9E-4,48
8.1E-4,48
3.5E-4,48
5E-5,48
2E-5,48
3E-5,24
2.1E-4,48
1.3E-4,48
1.4E-4,48
0,48
4E-5,48
3.3E-4,48
9.5E-4,48
2E-4,48
4.9E-4,48
0,48
2E-4,48
7E-5,48
1E-5,24
0.00611,12
4.2E-4,48
0.00182,48
2E-5,48
9.5E-4,48
0.00604,24
5E-5,48
5E-5,48
0.00117,48
0,24
4E-5,48
1E-5,24
7.9E-4,48
2.4E-4,24
1.7E-4,48
0.0011,48
1E-5,48
6.1E-4,48
7E-5,48
1.8E-4,48
2.1E-4,48
6.8E-4,48
7E-5,48
5E-5,48
2.1E-4,48
1.4E-4,24
8E-5,48
1.1E-4,48
6E-5,48
7E-5,48
0,48
2E-5,48
1.7E-4,48
4.8E-4,48
1E-4,48
0.00309,12
0.00306,24
3E-5,48
2E-5,48
6E-4,48
0,24
2E-5,48
1E-5,24
4E-4,48
1.2E-4,24
