Chan	Prompt	Decay
1	0	1
2	0	0
3	1	0
4	0	0
5	0	0
6	0	0
7	0	0
8	0	1
9	0	1
10	0	0
11	0	0
12	0	0
13	0	0
14	0	0
15	0	0
16	0	0
17	0	0
18	0	0
19	0	0
20	0	0
21	0	0
22	0	0
23	0	0
24	0	0
25	0	0
26	1	0
27	0	0
28	0	1
29	0	0
30	0	0
31	0	0
32	0	0
33	0	0
34	0	0
35	0	1
36	0	0
37	0	0
38	0	0
39	0	1
40	0	0
41	0	0
42	1	0
43	0	1
44	0	1
45	0	1
46	0	0
47	0	0
48	0	0
49	0	1
50	0	0
51	0	0
52	0	1
53	0	1
54	0	0
55	0	0
56	0	0
57	0	0
58	0	1
59	0	0
60	0	0
61	0	0
62	0	0
63	0	0
64	0	0
65	0	0
66	0	0
67	0	0
68	0	1
69	0	1
70	0	0
71	0	0
72	0	0
73	0	0
74	0	0
75	0	0
76	0	1
77	0	0
78	0	1
79	0	0
80	0	0
81	0	0
82	0	0
83	0	0
84	0	0
85	0	2
86	0	1
87	0	0
88	0	0
89	0	0
90	0	0
91	1	0
92	0	0
93	0	0
94	0	0
95	0	1
96	1	1
97	5	0
98	7	0
99	23	0
100	46	1
101	72	1
102	126	0
103	223	2
104	396	4
105	815	17
106	1486	21
107	2731	49
108	4335	64
109	6630	108
110	9312	147
111	11683	182
112	12891	255
113	13615	273
114	13118	342
115	11184	297
116	9416	306
117	6861	305
118	4782	320
119	3333	277
120	2047	225
121	1283	194
122	805	148
123	425	123
124	265	97
125	138	65
126	89	47
127	64	36
128	46	44
129	36	31
130	30	25
131	20	25
132	22	24
133	13	16
134	13	24
135	16	21
136	14	14
137	10	26
138	9	25
139	10	19
140	9	23
141	5	19
142	4	11
143	0	17
144	2	15
145	3	13
146	1	13
147	0	11
148	1	10
149	1	9
150	1	5
151	1	11
152	2	10
153	1	13
154	0	8
155	0	11
156	0	10
157	0	14
158	1	6
159	1	8
160	0	15
161	0	7
162	0	14
163	0	10
164	0	1
165	0	7
166	0	5
167	0	7
168	0	4
169	1	9
170	1	6
171	0	9
172	0	11
173	0	5
174	0	2
175	2	9
176	0	6
177	0	2
178	0	3
179	0	5
180	0	7
181	0	9
182	0	4
183	0	1
184	0	7
185	0	8
186	0	3
187	0	4
188	0	2
189	1	5
190	0	7
191	0	3
192	1	2
193	0	0
194	0	4
195	0	2
196	0	2
197	0	6
198	0	2
199	0	4
200	0	6
201	0	2
202	0	2
203	0	5
204	1	4
205	0	6
206	0	3
207	2	0
208	1	6
209	0	3
210	0	0
211	1	4
212	0	3
213	0	0
214	0	3
215	0	3
216	0	4
217	0	4
218	0	2
219	0	3
220	0	4
221	0	0
222	0	2
223	1	1
224	0	1
225	0	2
226	0	1
227	0	3
228	0	3
229	0	2
230	0	2
231	0	2
232	0	0
233	0	4
234	0	0
235	0	4
236	0	1
237	0	2
238	0	2
239	0	2
240	1	2
241	2	3
242	0	1
243	0	1
244	0	0
245	3	0
246	1	0
247	2	1
248	0	2
249	1	2
250	0	1
251	0	2
252	2	0
253	3	1
254	2	1
255	0	1
256	1	1
257	1	2
258	1	3
259	0	0
260	1	3
261	1	1
262	1	1
263	0	0
264	0	2
265	0	0
266	0	2
267	0	1
268	1	2
269	1	0
270	1	2
271	0	1
272	0	2
273	1	0
274	1	2
275	2	2
276	1	1
277	1	0
278	0	3
279	0	2
280	0	2
281	1	0
282	0	3
283	1	2
284	2	0
285	2	2
286	0	2
287	1	2
288	1	0
289	1	1
290	0	3
291	2	1
292	1	4
293	0	1
294	1	0
295	0	1
296	0	1
297	0	2
298	0	1
299	0	1
300	1	2
301	0	1
302	1	2
303	0	2
304	0	0
305	1	1
306	1	2
307	0	0
308	0	1
309	2	0
310	0	0
311	2	2
312	0	0
313	2	0
314	1	0
315	1	2
316	1	2
317	1	2
318	1	2
319	0	1
320	0	0
321	1	1
322	2	1
323	3	1
324	1	1
325	0	0
326	2	0
327	1	0
328	1	0
329	2	2
330	1	0
331	4	1
332	1	1
333	4	3
334	1	1
335	2	3
336	1	1
337	1	0
338	2	0
339	0	0
340	2	0
341	2	2
342	1	4
343	4	0
344	2	0
345	1	2
346	1	1
347	0	0
348	0	1
349	0	0
350	0	0
351	1	1
352	2	1
353	0	1
354	2	1
355	0	0
356	0	1
357	1	0
358	1	0
359	2	2
360	3	0
361	1	0
362	4	0
363	1	3
364	1	1
365	0	0
366	0	2
367	0	0
368	3	0
369	2	1
370	2	1
371	1	0
372	0	0
373	1	1
374	1	0
375	0	1
376	0	0
377	1	1
378	0	0
379	1	0
380	2	0
381	0	4
382	2	1
383	1	0
384	1	0
385	2	1
386	1	1
387	1	0
388	1	1
389	0	0
390	1	0
391	0	2
392	1	0
393	0	0
394	1	0
395	1	0
396	1	0
397	0	1
398	0	2
399	1	2
400	1	1
401	1	0
402	1	0
403	1	1
404	0	2
405	1	0
406	1	0
407	1	0
408	1	1
409	0	0
410	0	1
411	2	0
412	1	0
413	1	0
414	1	1
415	0	0
416	1	0
417	0	0
418	2	1
419	0	0
420	0	1
421	0	0
422	0	0
423	0	0
424	1	0
425	1	0
426	1	1
427	0	1
428	1	0
429	0	0
430	1	0
431	0	1
432	0	0
433	0	0
434	1	0
435	0	0
436	0	0
437	0	0
438	0	2
439	0	0
440	1	0
441	0	0
442	0	1
443	1	0
444	0	0
445	0	0
446	0	0
447	0	0
448	0	1
449	0	0
450	0	0
451	0	1
452	0	0
453	0	1
454	1	0
455	1	0
456	0	0
457	1	0
458	0	1
459	0	0
460	0	0
461	0	0
462	0	0
463	0	1
464	0	0
465	0	0
466	0	0
467	0	0
468	0	0
469	0	0
470	1	1
471	0	0
472	0	0
473	0	0
474	0	0
475	2	0
476	0	0
477	0	1
478	1	0
479	0	0
480	0	1
481	1	0
482	0	1
483	0	1
484	0	0
485	0	0
486	0	0
487	0	0
488	1	0
489	0	0
490	1	0
491	0	0
492	0	1
493	0	0
494	0	0
495	0	1
496	2	2
497	0	0
498	0	1
499	0	0
500	0	1
501	0	0
502	0	0
503	0	0
504	0	0
505	0	0
506	0	1
507	0	0
508	0	0
509	0	0
510	1	1
511	0	0
512	0	0
513	1	0
514	0	0
515	0	0
516	0	1
517	2	0
518	0	0
519	0	1
520	0	0
521	1	0
522	0	0
523	0	0
524	0	2
525	0	0
526	0	1
527	1	3
528	0	0
529	0	0
530	0	0
531	1	0
532	0	1
533	0	0
534	0	0
535	1	0
536	1	0
537	1	1
538	0	0
539	0	0
540	0	0
541	1	0
542	0	1
543	0	0
544	1	0
545	0	0
546	0	0
547	0	0
548	0	0
549	0	0
550	0	1
551	0	0
552	0	1
553	2	0
554	0	0
555	1	0
556	0	0
557	0	0
558	0	0
559	0	2
560	0	0
561	1	0
562	0	0
563	0	0
564	0	0
565	0	1
566	0	0
567	0	1
568	0	0
569	0	0
570	1	0
571	0	0
572	3	0
573	0	0
574	0	0
575	1	0
576	0	1
577	0	0
578	0	0
579	0	0
580	2	0
581	0	0
582	0	0
583	0	0
584	0	0
585	0	0
586	1	0
587	0	0
588	0	1
589	1	0
590	2	0
591	0	0
592	0	0
593	0	0
594	0	0
595	0	0
596	1	0
597	0	1
598	0	0
599	0	1
600	1	0
601	2	0
602	1	0
603	1	0
604	0	2
605	1	0
606	1	0
607	0	0
608	1	1
609	0	0
610	1	1
611	0	1
612	0	0
613	2	1
614	2	1
615	0	0
616	0	1
617	1	0
618	0	0
619	0	0
620	1	0
621	1	0
622	1	0
623	0	0
624	0	0
625	0	0
626	0	0
627	1	0
628	0	0
629	0	4
630	0	0
631	0	1
632	1	0
633	0	0
634	1	1
635	0	1
636	0	0
637	0	0
638	1	0
639	0	1
640	0	0
641	1	0
642	0	0
643	1	0
644	0	0
645	0	0
646	0	1
647	0	0
648	0	0
649	0	2
650	0	0
651	1	1
652	0	0
653	0	0
654	0	1
655	0	0
656	1	0
657	1	1
658	0	0
659	1	0
660	1	0
661	1	0
662	0	0
663	1	0
664	0	0
665	2	1
666	2	0
667	2	0
668	1	0
669	1	0
670	1	1
671	1	2
672	0	0
673	0	1
674	2	0
675	0	0
676	1	1
677	2	0
678	0	0
679	0	0
680	0	0
681	0	1
682	2	0
683	3	0
684	2	0
685	1	0
686	2	0
687	2	0
688	1	0
689	0	1
690	0	0
691	0	0
692	1	0
693	1	0
694	1	0
695	1	0
696	0	1
697	2	0
698	3	0
699	0	0
700	0	0
701	0	0
702	1	0
703	0	1
704	0	1
705	0	0
706	0	1
707	1	2
708	1	0
709	1	0
710	1	0
711	1	0
712	1	0
713	0	1
714	1	0
715	1	0
716	0	0
717	0	0
718	1	1
719	1	1
720	1	0
721	0	1
722	1	0
723	0	0
724	0	0
725	0	1
726	2	1
727	2	0
728	0	0
729	2	0
730	1	0
731	0	0
732	1	0
733	0	0
734	0	1
735	0	0
736	3	0
737	0	2
738	0	1
739	0	0
740	0	0
741	2	0
742	1	0
743	2	0
744	1	1
745	0	0
746	1	0
747	0	0
748	0	1
749	0	0
750	1	0
751	1	0
752	2	0
753	2	0
754	0	0
755	0	0
756	1	1
757	1	0
758	1	0
759	1	1
760	2	0
761	2	0
762	0	0
763	0	1
764	0	0
765	0	0
766	0	1
767	1	1
768	2	0
769	0	0
770	4	0
771	0	0
772	0	0
773	2	0
774	1	1
775	1	1
776	2	0
777	1	0
778	0	0
779	0	1
780	3	0
781	0	0
782	0	0
783	2	1
784	0	1
785	0	0
786	0	0
787	1	0
788	1	0
789	0	0
790	0	0
791	1	0
792	1	0
793	1	0
794	0	0
795	2	0
796	0	0
797	1	1
798	1	0
799	0	0
800	3	0
801	0	0
802	1	0
803	0	1
804	0	0
805	0	0
806	3	0
807	1	0
808	2	0
809	1	0
810	1	1
811	0	0
812	1	0
813	1	1
814	3	0
815	1	0
816	1	0
817	1	0
818	2	0
819	0	1
820	0	1
821	3	0
822	1	0
823	0	0
824	1	0
825	2	0
826	1	0
827	2	1
828	0	0
829	1	1
830	4	1
831	0	0
832	1	0
833	1	0
834	0	0
835	0	0
836	2	0
837	0	0
838	1	0
839	2	2
840	0	0
841	1	0
842	3	0
843	2	0
844	2	0
845	1	1
846	0	0
847	1	0
848	2	0
849	4	0
850	3	0
851	2	0
852	0	0
853	0	0
854	1	0
855	0	0
856	3	0
857	0	1
858	1	1
859	4	0
860	3	0
861	0	0
862	1	0
863	0	0
864	2	0
865	2	2
866	1	1
867	2	0
868	2	0
869	2	0
870	3	2
871	0	0
872	0	0
873	1	0
874	2	0
875	1	0
876	2	0
877	3	0
878	0	0
879	0	0
880	2	0
881	4	1
882	0	0
883	1	1
884	0	0
885	3	0
886	2	0
887	1	0
888	0	0
889	2	1
890	0	0
891	0	0
892	5	1
893	4	0
894	2	1
895	1	0
896	2	0
897	1	0
898	0	0
899	1	0
900	1	0
901	0	2
902	1	0
903	1	0
904	3	0
905	3	0
906	1	1
907	1	0
908	3	0
909	1	0
910	3	0
911	0	0
912	1	2
913	1	0
914	3	0
915	1	0
916	1	0
917	2	0
918	1	0
919	3	1
920	1	1
921	1	1
922	2	2
923	3	0
924	0	0
925	0	0
926	1	1
927	3	0
928	1	3
929	3	1
930	1	0
931	3	1
932	1	0
933	2	0
934	0	0
935	0	0
936	2	0
937	2	0
938	3	0
939	1	0
940	0	0
941	3	0
942	0	0
943	2	0
944	4	1
945	0	0
946	2	0
947	3	0
948	2	0
949	1	0
950	1	0
951	2	3
952	1	1
953	3	0
954	1	0
955	1	0
956	1	0
957	2	0
958	1	1
959	1	1
960	0	0
961	3	0
962	2	0
963	2	0
964	1	0
965	4	0
966	0	0
967	1	0
968	0	0
969	1	0
970	2	2
971	1	1
972	2	0
973	1	1
974	2	2
975	0	0
976	1	1
977	2	1
978	0	0
979	0	0
980	0	0
981	0	0
982	0	0
983	1	0
984	1	0
985	0	0
986	0	0
987	0	0
988	2	0
989	0	0
990	1	0
991	2	0
992	1	0
993	0	1
994	2	0
995	2	0
996	1	1
997	1	0
998	0	0
999	2	0
1000	2	0
1001	1	0
1002	1	0
1003	3	0
1004	7	1
1005	1	0
1006	2	0
1007	1	0
1008	3	0
1009	2	0
1010	2	2
1011	2	0
1012	1	1
1013	0	0
1014	1	1
1015	1	1
1016	1	0
1017	0	0
1018	1	0
1019	3	0
1020	3	0
1021	0	0
1022	2	1
1023	2	0
1024	3	0
1025	0	0
1026	0	0
1027	1	0
1028	3	0
1029	1	0
1030	2	0
1031	1	0
1032	4	0
1033	0	1
1034	3	0
1035	1	0
1036	0	1
1037	1	0
1038	0	0
1039	6	0
1040	4	0
1041	2	0
1042	4	0
1043	5	0
1044	2	0
1045	1	0
1046	0	0
1047	0	0
1048	2	0
1049	0	0
1050	3	0
1051	0	0
1052	0	0
1053	2	0
1054	1	0
1055	2	0
1056	2	0
1057	4	0
1058	1	0
1059	1	0
1060	1	0
1061	1	0
1062	0	0
1063	2	1
1064	3	0
1065	1	0
1066	0	0
1067	3	0
1068	2	0
1069	1	1
1070	4	1
1071	0	0
1072	1	0
1073	2	1
1074	6	0
1075	0	1
1076	1	1
1077	2	0
1078	3	0
1079	1	0
1080	2	0
1081	1	0
1082	4	0
1083	4	0
1084	1	0
1085	3	0
1086	1	0
1087	6	2
1088	4	0
1089	2	0
1090	2	1
1091	5	0
1092	1	0
1093	2	0
1094	3	0
1095	1	0
1096	1	0
1097	2	1
1098	1	0
1099	4	1
1100	3	0
1101	0	0
1102	1	1
1103	2	0
1104	2	1
1105	0	0
1106	4	0
1107	1	0
1108	1	0
1109	4	0
1110	1	1
1111	3	0
1112	2	0
1113	0	1
1114	1	0
1115	1	1
1116	2	0
1117	0	0
1118	2	1
1119	1	2
1120	2	0
1121	4	1
1122	1	0
1123	3	0
1124	4	0
1125	2	0
1126	2	0
1127	0	0
1128	0	0
1129	0	0
1130	1	0
1131	2	0
1132	1	0
1133	2	1
1134	2	0
1135	4	0
1136	5	0
1137	0	0
1138	6	0
1139	2	0
1140	2	0
1141	0	1
1142	2	0
1143	3	0
1144	0	0
1145	1	2
1146	3	0
1147	1	0
1148	2	0
1149	3	0
1150	3	0
1151	3	0
1152	3	0
1153	0	1
1154	1	1
1155	3	0
1156	2	0
1157	2	0
1158	3	1
1159	3	1
1160	2	0
1161	2	2
1162	1	0
1163	2	0
1164	1	1
1165	1	0
1166	2	0
1167	4	1
1168	1	1
1169	1	0
1170	2	1
1171	4	0
1172	1	0
1173	5	0
1174	2	0
1175	1	0
1176	1	1
1177	1	1
1178	1	0
1179	2	0
1180	1	1
1181	1	0
1182	2	0
1183	2	1
1184	4	1
1185	2	0
1186	0	0
1187	4	0
1188	2	0
1189	2	0
1190	1	0
1191	4	0
1192	1	0
1193	1	0
1194	1	1
1195	1	1
1196	3	0
1197	4	0
1198	1	0
1199	1	0
1200	3	0
1201	1	1
1202	3	0
1203	3	1
1204	2	0
1205	1	0
1206	4	0
1207	2	0
1208	0	1
1209	2	0
1210	0	0
1211	5	0
1212	1	0
1213	1	0
1214	2	0
1215	4	0
1216	2	1
1217	1	0
1218	1	0
1219	2	0
1220	2	0
1221	4	0
1222	1	0
1223	3	0
1224	1	0
1225	1	0
1226	2	0
1227	2	0
1228	1	1
1229	1	0
1230	2	1
1231	2	0
1232	1	0
1233	1	0
1234	2	0
1235	3	0
1236	1	1
1237	2	0
1238	2	0
1239	0	0
1240	3	0
1241	2	0
1242	0	0
1243	1	0
1244	0	0
1245	3	0
1246	2	0
1247	1	0
1248	3	0
1249	3	0
1250	1	0
1251	2	0
1252	2	0
1253	1	0
1254	2	0
1255	0	1
1256	2	1
1257	2	0
1258	1	0
1259	2	0
1260	0	1
1261	1	0
1262	2	0
1263	1	0
1264	3	0
1265	3	0
1266	4	0
1267	2	0
1268	1	1
1269	1	0
1270	1	1
1271	1	1
1272	1	0
1273	2	1
1274	3	0
1275	2	0
1276	0	0
1277	3	0
1278	2	2
1279	3	1
1280	3	2
1281	4	0
1282	4	0
1283	1	0
1284	4	0
1285	2	0
1286	2	2
1287	4	0
1288	4	0
1289	2	1
1290	3	0
1291	0	0
1292	0	0
1293	3	1
1294	2	0
1295	3	0
1296	0	0
1297	2	0
1298	3	1
1299	2	0
1300	0	0
1301	3	0
1302	3	0
1303	1	0
1304	2	0
1305	0	0
1306	4	0
1307	1	0
1308	4	0
1309	1	0
1310	3	1
1311	1	0
1312	3	0
1313	2	0
1314	2	0
1315	1	0
1316	3	0
1317	2	0
1318	2	0
1319	1	1
1320	1	0
1321	1	0
1322	3	1
1323	2	1
1324	0	0
1325	2	1
1326	0	0
1327	2	0
1328	2	1
1329	2	0
1330	1	2
1331	0	0
1332	1	0
1333	3	0
1334	3	0
1335	3	0
1336	2	0
1337	3	1
1338	2	0
1339	1	0
1340	0	0
1341	0	0
1342	3	0
1343	2	1
1344	1	0
1345	1	0
1346	4	0
1347	0	0
1348	1	0
1349	3	0
1350	3	0
1351	2	0
1352	2	0
1353	1	0
1354	0	0
1355	4	0
1356	1	1
1357	3	0
1358	2	0
1359	1	0
1360	2	1
1361	2	0
1362	5	0
1363	1	1
1364	2	0
1365	0	0
1366	0	0
1367	1	1
1368	3	0
1369	0	0
1370	2	0
1371	2	0
1372	0	0
1373	1	0
1374	2	0
1375	2	0
1376	1	0
1377	4	0
1378	0	0
1379	1	0
1380	2	1
1381	3	0
1382	2	0
1383	3	0
1384	2	0
1385	2	0
1386	3	0
1387	2	0
1388	2	0
1389	1	0
1390	3	0
1391	0	0
1392	3	0
1393	7	2
1394	0	0
1395	3	0
1396	5	0
1397	3	0
1398	1	0
1399	4	0
1400	4	0
1401	1	0
1402	3	0
1403	4	0
1404	2	1
1405	1	0
1406	2	0
1407	1	0
1408	0	0
1409	2	0
1410	7	0
1411	4	0
1412	1	2
1413	4	0
1414	4	1
1415	3	0
1416	3	0
1417	1	0
1418	0	0
1419	1	0
1420	3	0
1421	1	1
1422	2	0
1423	1	2
1424	1	0
1425	4	1
1426	3	0
1427	0	0
1428	2	0
1429	2	0
1430	6	0
1431	2	0
1432	1	1
1433	0	0
1434	1	0
1435	4	0
1436	2	1
1437	0	0
1438	0	0
1439	2	0
1440	1	0
1441	2	0
1442	3	0
1443	4	0
1444	4	0
1445	2	0
1446	2	1
1447	0	0
1448	1	0
1449	2	0
1450	2	0
1451	3	0
1452	2	0
1453	2	0
1454	1	0
1455	3	0
1456	1	0
1457	2	0
1458	1	0
1459	2	0
1460	5	0
1461	2	0
1462	3	0
1463	3	0
1464	1	0
1465	1	1
1466	2	0
1467	2	0
1468	4	2
1469	4	0
1470	1	1
1471	1	0
1472	1	0
1473	4	0
1474	2	2
1475	1	0
1476	2	0
1477	1	0
1478	2	0
1479	1	0
1480	1	0
1481	1	1
1482	3	0
1483	1	1
1484	0	1
1485	0	0
1486	6	0
1487	0	0
1488	2	0
1489	0	0
1490	1	0
1491	4	0
1492	6	0
1493	2	0
1494	2	0
1495	2	0
1496	2	0
1497	1	0
1498	2	0
1499	2	0
1500	2	0
1501	3	0
1502	1	0
1503	0	0
1504	1	0
1505	2	1
1506	2	0
1507	1	0
1508	0	0
1509	0	0
1510	4	0
1511	4	0
1512	1	0
1513	0	0
1514	3	0
1515	0	0
1516	1	0
1517	2	0
1518	2	0
1519	0	0
1520	2	0
1521	2	0
1522	2	1
1523	3	0
1524	3	0
1525	1	0
1526	4	0
1527	4	0
1528	4	0
1529	3	0
1530	3	0
1531	2	0
1532	2	1
1533	0	0
1534	1	1
1535	0	0
1536	0	1
1537	0	0
1538	2	0
1539	0	0
1540	2	0
1541	0	1
1542	3	0
1543	1	0
1544	0	0
1545	0	0
1546	1	0
1547	1	0
1548	0	1
1549	1	1
1550	0	0
1551	1	0
1552	0	0
1553	3	0
1554	1	0
1555	1	1
1556	4	0
1557	2	0
1558	1	0
1559	7	0
1560	2	0
1561	0	0
1562	1	0
1563	0	0
1564	0	1
1565	4	0
1566	0	0
1567	1	0
1568	0	0
1569	2	0
1570	1	0
1571	2	0
1572	2	0
1573	1	0
1574	1	0
1575	3	1
1576	1	1
1577	4	0
1578	0	1
1579	3	1
1580	2	1
1581	1	1
1582	2	0
1583	3	0
1584	2	0
1585	0	0
1586	2	1
1587	2	0
1588	1	0
1589	0	0
1590	2	0
1591	0	0
1592	1	1
1593	0	0
1594	1	0
1595	2	0
1596	2	0
1597	1	0
1598	1	0
1599	2	0
1600	0	2
1601	0	0
1602	0	0
1603	1	0
1604	2	0
1605	0	0
1606	0	0
1607	1	0
1608	1	0
1609	2	0
1610	2	0
1611	2	0
1612	3	0
1613	0	0
1614	0	0
1615	2	0
1616	1	1
1617	0	0
1618	0	0
1619	3	1
1620	2	0
1621	1	1
1622	1	1
1623	2	1
1624	2	0
1625	0	0
1626	1	0
1627	0	0
1628	2	2
1629	1	0
1630	1	0
1631	0	0
1632	1	0
1633	1	0
1634	1	0
1635	2	1
1636	1	0
1637	2	0
1638	0	0
1639	1	1
1640	2	0
1641	0	0
1642	2	0
1643	0	0
1644	1	0
1645	3	0
1646	1	1
1647	2	0
1648	3	1
1649	1	1
1650	2	0
1651	0	0
1652	2	0
1653	1	0
1654	2	0
1655	0	0
1656	3	0
1657	1	0
1658	3	0
1659	3	1
1660	0	0
1661	1	2
1662	2	0
1663	0	0
1664	0	0
1665	2	0
1666	1	0
1667	2	0
1668	1	0
1669	0	0
1670	4	0
1671	0	0
1672	2	1
1673	0	0
1674	2	0
1675	2	0
1676	1	0
1677	2	0
1678	2	0
1679	0	0
1680	1	0
1681	1	0
1682	1	0
1683	1	0
1684	1	0
1685	0	1
1686	2	0
1687	1	0
1688	2	0
1689	2	0
1690	2	0
1691	2	1
1692	2	2
1693	0	0
1694	3	0
1695	1	0
1696	0	0
1697	0	0
1698	1	0
1699	1	0
1700	0	0
1701	3	0
1702	1	0
1703	0	0
1704	0	0
1705	1	1
1706	2	1
1707	2	0
1708	1	0
1709	0	0
1710	2	0
1711	1	0
1712	3	0
1713	0	1
1714	2	0
1715	2	0
1716	1	0
1717	0	0
1718	3	0
1719	3	1
1720	0	1
1721	2	1
1722	1	0
1723	2	0
1724	1	1
1725	1	0
1726	2	0
1727	4	0
1728	2	2
1729	0	0
1730	1	0
1731	2	0
1732	1	0
1733	0	0
1734	1	1
1735	2	1
1736	1	0
1737	1	0
1738	0	0
1739	3	1
1740	2	0
1741	2	0
1742	2	0
1743	0	0
1744	0	0
1745	0	0
1746	0	0
1747	1	0
1748	2	2
1749	5	1
1750	3	0
1751	2	1
1752	5	0
1753	0	0
1754	1	0
1755	0	0
1756	2	0
1757	1	0
1758	2	1
1759	2	0
1760	0	0
1761	0	1
1762	1	1
1763	0	0
1764	2	0
1765	1	0
1766	1	0
1767	1	0
1768	1	0
1769	0	0
1770	1	1
1771	1	0
1772	1	0
1773	1	1
1774	1	0
1775	1	0
1776	0	0
1777	1	0
1778	0	0
1779	2	0
1780	0	0
1781	0	0
1782	0	0
1783	1	0
1784	1	0
1785	1	0
1786	2	0
1787	0	1
1788	1	1
1789	1	0
1790	2	0
1791	0	0
1792	1	1
1793	3	0
1794	2	0
1795	0	0
1796	0	1
1797	1	1
1798	1	1
1799	1	0
1800	0	0
1801	0	0
1802	1	2
1803	0	0
1804	0	0
1805	0	1
1806	2	0
1807	2	0
1808	2	0
1809	0	0
1810	0	0
1811	0	0
1812	2	1
1813	1	0
1814	2	0
1815	1	1
1816	2	1
1817	0	0
1818	0	1
1819	2	0
1820	0	0
1821	2	0
1822	0	0
1823	1	0
1824	1	0
1825	0	0
1826	0	0
1827	0	0
1828	1	1
1829	1	0
1830	1	0
1831	0	0
1832	0	0
1833	1	1
1834	0	0
1835	1	0
1836	2	0
1837	0	1
1838	1	0
1839	0	0
1840	0	0
1841	0	1
1842	2	0
1843	1	0
1844	1	1
1845	0	0
1846	2	0
1847	0	2
1848	0	0
1849	0	0
1850	0	1
1851	0	0
1852	0	0
1853	1	0
1854	2	0
1855	3	0
1856	0	0
1857	1	0
1858	1	0
1859	1	0
1860	0	0
1861	1	0
1862	0	0
1863	1	0
1864	0	0
1865	0	1
1866	1	0
1867	2	0
1868	0	0
1869	0	1
1870	1	0
1871	1	0
1872	1	0
1873	0	0
1874	0	0
1875	3	0
1876	1	0
1877	0	0
1878	2	1
1879	1	1
1880	0	0
1881	1	2
1882	1	0
1883	0	0
1884	1	1
1885	1	0
1886	1	0
1887	2	1
1888	1	1
1889	1	0
1890	0	0
1891	0	0
1892	1	0
1893	2	0
1894	0	1
1895	1	1
1896	1	0
1897	0	0
1898	1	0
1899	1	0
1900	1	0
1901	2	1
1902	0	1
1903	1	1
1904	0	0
1905	1	1
1906	1	0
1907	1	0
1908	0	0
1909	1	0
1910	0	0
1911	1	1
1912	1	1
1913	0	0
1914	0	0
1915	1	0
1916	2	1
1917	1	0
1918	1	0
1919	0	2
1920	1	1
1921	0	0
1922	0	0
1923	0	0
1924	0	0
1925	3	1
1926	0	1
1927	0	0
1928	2	0
1929	0	0
1930	0	0
1931	0	0
1932	0	0
1933	0	0
1934	0	1
1935	1	0
1936	1	0
1937	0	0
1938	1	2
1939	1	0
1940	0	1
1941	0	0
1942	1	0
1943	1	0
1944	1	0
1945	1	1
1946	0	0
1947	0	2
1948	2	0
1949	0	0
1950	0	1
1951	1	0
1952	1	0
1953	0	0
1954	2	0
1955	2	0
1956	1	0
1957	0	0
1958	1	0
1959	0	0
1960	0	0
1961	1	0
1962	1	0
1963	0	0
1964	1	0
1965	0	0
1966	0	0
1967	0	0
1968	0	1
1969	1	0
1970	1	0
1971	2	1
1972	1	0
1973	0	0
1974	1	0
1975	0	0
1976	0	0
1977	0	0
1978	1	0
1979	0	0
1980	1	0
1981	0	0
1982	0	0
1983	0	0
1984	2	1
1985	1	0
1986	2	0
1987	0	0
1988	0	0
1989	1	0
1990	1	0
1991	0	0
1992	0	0
1993	1	0
1994	0	0
1995	1	0
1996	2	0
1997	0	1
1998	0	0
1999	0	0
2000	1	1
2001	2	0
2002	2	0
2003	0	0
2004	0	1
2005	1	0
2006	0	1
2007	0	0
2008	2	0
2009	3	0
2010	0	0
2011	1	0
2012	0	0
2013	0	0
2014	0	0
2015	0	0
2016	2	0
2017	1	0
2018	1	0
2019	0	1
2020	1	0
2021	3	0
2022	3	0
2023	0	0
2024	0	0
2025	0	0
2026	1	0
2027	0	0
2028	1	0
2029	3	1
2030	0	0
2031	0	0
2032	0	0
2033	2	0
2034	2	0
2035	0	0
2036	1	0
2037	0	0
2038	1	0
2039	0	0
2040	2	0
2041	0	1
2042	1	0
2043	0	0
2044	0	0
2045	1	0
2046	1	0
2047	0	0
2048	0	0
2049	1	0
2050	1	0
2051	0	0
2052	0	0
2053	1	0
2054	2	0
2055	1	0
2056	0	0
2057	1	0
2058	0	0
2059	2	0
2060	1	0
2061	0	0
2062	1	0
2063	0	0
2064	1	0
2065	0	0
2066	0	0
2067	1	1
2068	0	0
2069	0	0
2070	1	0
2071	0	0
2072	0	0
2073	1	1
2074	0	1
2075	0	0
2076	0	1
2077	0	1
2078	1	1
2079	0	0
2080	1	0
2081	0	0
2082	1	0
2083	2	0
2084	0	0
2085	2	0
2086	0	0
2087	1	0
2088	0	1
2089	1	0
2090	0	0
2091	1	0
2092	0	0
2093	1	0
2094	0	0
2095	1	0
2096	1	0
2097	0	0
2098	1	0
2099	2	0
2100	3	0
2101	0	1
2102	0	0
2103	0	0
2104	2	0
2105	0	1
2106	3	0
2107	0	0
2108	1	0
2109	0	1
2110	2	0
2111	2	0
2112	0	2
2113	2	0
2114	0	0
2115	3	0
2116	1	0
2117	0	0
2118	0	1
2119	0	0
2120	1	0
2121	2	0
2122	0	0
2123	1	0
2124	0	0
2125	1	0
2126	1	0
2127	1	0
2128	2	0
2129	0	0
2130	1	0
2131	1	0
2132	0	0
2133	1	0
2134	2	0
2135	0	0
2136	1	0
2137	1	0
2138	1	0
2139	1	0
2140	0	0
2141	1	0
2142	1	0
2143	0	0
2144	0	0
2145	0	0
2146	0	1
2147	0	0
2148	0	0
2149	0	0
2150	1	0
2151	1	0
2152	1	0
2153	1	0
2154	1	1
2155	1	0
2156	1	1
2157	1	1
2158	2	0
2159	0	0
2160	0	0
2161	1	0
2162	1	0
2163	2	0
2164	0	1
2165	0	1
2166	0	2
2167	2	0
2168	2	0
2169	0	0
2170	2	0
2171	0	1
2172	0	0
2173	3	0
2174	0	0
2175	1	0
2176	1	0
2177	1	0
2178	1	0
2179	0	0
2180	0	0
2181	1	0
2182	0	1
2183	2	0
2184	0	0
2185	1	0
2186	1	0
2187	1	2
2188	1	0
2189	0	0
2190	1	0
2191	0	0
2192	0	0
2193	0	0
2194	1	0
2195	0	1
2196	1	1
2197	0	0
2198	1	0
2199	1	1
2200	1	0
2201	0	0
2202	1	0
2203	0	0
2204	0	0
2205	1	0
2206	0	0
2207	1	0
2208	0	0
2209	1	0
2210	1	0
2211	0	0
2212	1	0
2213	1	0
2214	1	2
2215	0	0
2216	1	0
2217	0	0
2218	2	0
2219	0	0
2220	0	1
2221	0	0
2222	0	0
2223	1	0
2224	0	2
2225	0	0
2226	0	1
2227	1	0
2228	0	0
2229	0	0
2230	1	0
2231	0	0
2232	1	0
2233	1	0
2234	0	0
2235	0	0
2236	1	0
2237	0	0
2238	1	0
2239	0	0
2240	0	0
2241	1	0
2242	0	0
2243	0	1
2244	0	0
2245	1	0
2246	1	0
2247	0	0
2248	0	0
2249	0	0
2250	0	0
2251	0	0
2252	0	1
2253	1	0
2254	0	0
2255	1	0
2256	0	0
2257	0	0
2258	0	0
2259	1	0
2260	0	0
2261	1	1
2262	0	1
2263	0	0
2264	0	1
2265	0	1
2266	0	1
2267	0	0
2268	0	0
2269	2	1
2270	3	0
2271	0	0
2272	2	0
2273	1	0
2274	0	0
2275	2	1
2276	0	0
2277	0	0
2278	1	0
2279	0	0
2280	2	0
2281	0	0
2282	1	1
2283	1	0
2284	0	0
2285	0	0
2286	0	1
2287	2	0
2288	0	0
2289	0	0
2290	1	0
2291	0	1
2292	1	0
2293	1	1
2294	1	0
2295	1	0
2296	0	0
2297	0	0
2298	1	0
2299	0	0
2300	0	1
2301	0	0
2302	0	0
2303	0	0
2304	1	0
2305	1	0
2306	2	0
2307	0	0
2308	2	0
2309	0	1
2310	2	1
2311	0	0
2312	0	1
2313	0	0
2314	1	1
2315	0	1
2316	2	0
2317	1	0
2318	1	1
2319	0	0
2320	1	0
2321	0	0
2322	0	1
2323	1	0
2324	1	0
2325	0	0
2326	1	0
2327	0	0
2328	0	1
2329	0	0
2330	0	0
2331	2	0
2332	0	0
2333	0	0
2334	0	1
2335	0	0
2336	0	0
2337	1	0
2338	0	0
2339	1	0
2340	0	0
2341	0	0
2342	1	0
2343	1	0
2344	1	0
2345	1	0
2346	1	0
2347	0	0
2348	0	0
2349	0	0
2350	0	0
2351	1	0
2352	0	1
2353	0	0
2354	1	0
2355	0	0
2356	1	1
2357	3	0
2358	0	1
2359	2	0
2360	1	0
2361	0	0
2362	1	0
2363	1	0
2364	0	0
2365	0	0
2366	0	0
2367	1	1
2368	0	0
2369	0	0
2370	1	0
2371	0	0
2372	0	0
2373	1	0
2374	0	1
2375	1	1
2376	2	1
2377	0	0
2378	1	0
2379	1	0
2380	0	0
2381	0	1
2382	1	0
2383	0	1
2384	2	2
2385	2	0
2386	0	0
2387	0	1
2388	0	0
2389	0	0
2390	1	1
2391	0	0
2392	0	0
2393	1	0
2394	0	1
2395	1	0
2396	1	0
2397	0	0
2398	1	0
2399	0	0
2400	0	0
2401	0	0
2402	1	0
2403	0	0
2404	0	0
2405	0	0
2406	0	1
2407	0	0
2408	0	0
2409	0	0
2410	0	0
2411	1	0
2412	2	0
2413	0	0
2414	0	0
2415	0	0
2416	1	0
2417	0	1
2418	0	0
2419	3	0
2420	0	0
2421	0	1
2422	1	0
2423	0	0
2424	0	0
2425	0	0
2426	0	0
2427	0	0
2428	0	0
2429	0	0
2430	2	0
2431	0	0
2432	0	2
2433	2	0
2434	1	0
2435	0	0
2436	0	0
2437	0	0
2438	2	0
2439	0	0
2440	0	0
2441	0	0
2442	1	0
2443	0	0
2444	0	0
2445	0	0
2446	0	0
2447	1	0
2448	1	0
2449	0	0
2450	1	2
2451	0	0
2452	0	0
2453	0	0
2454	1	1
2455	0	0
2456	0	0
2457	0	0
2458	0	1
2459	1	0
2460	0	0
2461	0	0
2462	0	0
2463	1	0
2464	0	0
2465	0	0
2466	1	0
2467	0	0
2468	0	0
2469	1	0
2470	2	0
2471	0	0
2472	0	0
2473	2	1
2474	0	0
2475	1	0
2476	1	0
2477	1	0
2478	1	0
2479	0	1
2480	1	0
2481	0	0
2482	1	0
2483	0	0
2484	0	0
2485	0	0
2486	0	0
2487	1	0
2488	0	0
2489	0	0
2490	2	0
2491	0	0
2492	1	1
2493	1	0
2494	0	0
2495	1	0
2496	1	0
2497	0	0
2498	0	1
2499	0	1
2500	0	0
2501	0	0
2502	0	0
2503	0	0
2504	1	0
2505	0	2
2506	0	0
2507	0	0
2508	1	0
2509	0	0
2510	1	0
2511	1	0
2512	0	1
2513	0	0
2514	0	0
2515	2	0
2516	0	0
2517	0	0
2518	1	0
2519	0	0
2520	2	1
2521	1	0
2522	0	0
2523	0	0
2524	0	0
2525	0	0
2526	1	2
2527	0	1
2528	0	0
2529	1	0
2530	0	0
2531	0	0
2532	0	0
2533	1	0
2534	0	0
2535	1	0
2536	0	0
2537	0	1
2538	0	0
2539	1	0
2540	0	0
2541	0	0
2542	0	0
2543	0	0
2544	1	0
2545	0	0
2546	0	0
2547	0	1
2548	3	1
2549	0	0
2550	1	0
2551	0	0
2552	1	0
2553	1	0
2554	0	0
2555	0	0
2556	1	0
2557	0	0
2558	1	0
2559	1	0
2560	1	0
2561	1	0
2562	1	0
2563	1	0
2564	2	0
2565	0	0
2566	0	0
2567	1	0
2568	0	0
2569	0	1
2570	0	0
2571	0	0
2572	0	1
2573	1	0
2574	2	0
2575	0	0
2576	1	0
2577	0	0
2578	0	0
2579	0	0
2580	0	0
2581	1	0
2582	0	1
2583	1	1
2584	0	0
2585	0	0
2586	0	0
2587	0	0
2588	1	0
2589	1	0
2590	1	1
2591	0	0
2592	0	0
2593	0	0
2594	1	0
2595	1	1
2596	2	0
2597	0	0
2598	1	0
2599	1	0
2600	1	0
2601	1	0
2602	0	0
2603	0	0
2604	0	0
2605	2	0
2606	1	0
2607	0	1
2608	0	1
2609	0	1
2610	0	0
2611	1	1
2612	2	0
2613	0	0
2614	1	1
2615	2	0
2616	2	0
2617	0	0
2618	0	0
2619	0	0
2620	0	0
2621	1	0
2622	0	0
2623	0	0
2624	0	1
2625	0	1
2626	0	1
2627	0	0
2628	0	0
2629	0	1
2630	0	0
2631	1	0
2632	0	0
2633	0	0
2634	0	0
2635	0	0
2636	0	0
2637	0	1
2638	0	0
2639	0	0
2640	0	0
2641	1	1
2642	1	1
2643	1	0
2644	0	0
2645	0	0
2646	1	0
2647	0	0
2648	0	0
2649	2	0
2650	0	0
2651	0	0
2652	0	0
2653	2	0
2654	0	0
2655	0	0
2656	0	2
2657	0	0
2658	2	0
2659	2	1
2660	0	0
2661	0	0
2662	0	0
2663	1	0
2664	0	0
2665	2	0
2666	1	0
2667	2	0
2668	2	0
2669	0	0
2670	3	0
2671	0	0
2672	0	0
2673	1	1
2674	0	1
2675	0	0
2676	0	0
2677	0	0
2678	0	0
2679	0	0
2680	0	0
2681	0	0
2682	0	0
2683	0	0
2684	0	0
2685	0	0
2686	0	0
2687	1	0
2688	0	1
2689	0	0
2690	2	0
2691	0	0
2692	0	0
2693	0	0
2694	0	0
2695	0	0
2696	0	0
2697	1	0
2698	0	0
2699	0	1
2700	2	1
2701	0	1
2702	0	0
2703	0	0
2704	0	1
2705	1	0
2706	1	0
2707	1	0
2708	0	0
2709	0	1
2710	1	0
2711	0	0
2712	1	0
2713	1	0
2714	1	0
2715	0	0
2716	1	1
2717	0	0
2718	0	0
2719	1	0
2720	1	0
2721	0	0
2722	1	0
2723	1	0
2724	0	0
2725	0	0
2726	0	1
2727	0	0
2728	0	0
2729	2	0
2730	0	0
2731	1	1
2732	0	0
2733	1	0
2734	1	0
2735	0	1
2736	1	0
2737	0	0
2738	1	0
2739	2	0
2740	0	0
2741	0	0
2742	0	0
2743	0	0
2744	0	1
2745	1	0
2746	0	0
2747	1	1
2748	0	1
2749	0	0
2750	1	0
2751	0	0
2752	0	0
2753	0	0
2754	0	0
2755	0	0
2756	1	0
2757	0	0
2758	0	0
2759	0	0
2760	1	0
2761	0	0
2762	2	0
2763	0	1
2764	0	0
2765	1	0
2766	0	1
2767	0	0
2768	0	0
2769	1	0
2770	1	1
2771	0	2
2772	1	0
2773	1	0
2774	0	1
2775	0	0
2776	0	0
2777	0	0
2778	2	1
2779	0	1
2780	0	0
2781	1	0
2782	1	0
2783	1	0
2784	1	0
2785	0	0
2786	0	0
2787	0	0
2788	0	0
2789	1	1
2790	1	0
2791	1	0
2792	0	0
2793	1	0
2794	0	1
2795	0	0
2796	0	0
2797	1	0
2798	0	0
2799	0	0
2800	0	1
2801	0	0
2802	0	0
2803	2	0
2804	0	1
2805	0	1
2806	1	1
2807	0	0
2808	0	0
2809	2	0
2810	0	1
2811	0	0
2812	0	0
2813	0	0
2814	0	0
2815	0	0
2816	0	0
2817	0	0
2818	1	0
2819	1	0
2820	0	1
2821	0	0
2822	1	1
2823	0	0
2824	0	0
2825	0	0
2826	1	0
2827	2	0
2828	0	1
2829	1	0
2830	0	0
2831	1	1
2832	1	0
2833	0	0
2834	0	0
2835	1	1
2836	1	1
2837	1	0
2838	2	0
2839	0	0
2840	0	0
2841	0	1
2842	0	0
2843	0	1
2844	1	1
2845	0	0
2846	1	0
2847	0	0
2848	1	0
2849	1	0
2850	0	0
2851	0	0
2852	0	1
2853	0	0
2854	1	0
2855	1	0
2856	1	1
2857	0	0
2858	1	0
2859	2	0
2860	0	0
2861	1	0
2862	1	1
2863	2	0
2864	1	0
2865	2	1
2866	0	0
2867	0	0
2868	0	0
2869	0	0
2870	0	0
2871	2	0
2872	1	0
2873	0	0
2874	1	0
2875	1	1
2876	0	0
2877	2	0
2878	0	0
2879	0	0
2880	0	0
2881	0	0
2882	0	0
2883	1	0
2884	0	1
2885	0	0
2886	0	0
2887	0	1
2888	0	0
2889	0	0
2890	0	0
2891	0	1
2892	0	0
2893	0	1
2894	0	1
2895	0	0
2896	0	0
2897	0	1
2898	0	0
2899	1	0
2900	0	1
2901	0	0
2902	0	0
2903	0	0
2904	0	1
2905	0	0
2906	0	0
2907	2	0
2908	0	1
2909	1	0
2910	0	0
2911	0	0
2912	1	0
2913	0	0
2914	1	0
2915	0	1
2916	1	0
2917	0	1
2918	0	0
2919	0	0
2920	0	0
2921	0	0
2922	0	1
2923	0	0
2924	0	0
2925	0	0
2926	0	0
2927	0	0
2928	0	1
2929	0	0
2930	0	0
2931	1	1
2932	1	0
2933	1	0
2934	0	0
2935	1	0
2936	0	0
2937	1	0
2938	0	0
2939	0	0
2940	1	1
2941	0	1
2942	1	0
2943	0	0
2944	0	0
2945	1	0
2946	0	0
2947	0	0
2948	1	0
2949	0	0
2950	0	0
2951	0	0
2952	0	1
2953	0	0
2954	0	0
2955	0	0
2956	0	1
2957	0	0
2958	0	1
2959	0	0
2960	0	0
2961	4	0
2962	0	0
2963	0	0
2964	1	0
2965	1	0
2966	0	0
2967	0	0
2968	0	1
2969	0	0
2970	1	1
2971	1	0
2972	1	0
2973	0	1
2974	0	0
2975	2	0
2976	0	0
2977	0	1
2978	1	0
2979	0	0
2980	0	0
2981	0	0
2982	0	1
2983	1	0
2984	0	0
2985	0	0
2986	0	1
2987	0	0
2988	1	0
2989	1	0
2990	0	0
2991	1	0
2992	1	0
2993	1	1
2994	0	1
2995	2	0
2996	1	0
2997	0	0
2998	0	0
2999	0	1
3000	1	0
3001	0	1
3002	0	0
3003	0	0
3004	0	0
3005	1	0
3006	2	0
3007	1	0
3008	1	0
3009	0	2
3010	0	0
3011	0	1
3012	1	0
3013	0	0
3014	0	0
3015	0	0
3016	0	0
3017	0	0
3018	0	0
3019	0	0
3020	1	1
3021	0	0
3022	0	0
3023	1	0
3024	1	0
3025	0	0
3026	0	0
3027	1	0
3028	0	0
3029	0	0
3030	0	0
3031	0	0
3032	1	0
3033	0	1
3034	0	1
3035	1	0
3036	0	0
3037	0	1
3038	1	0
3039	0	0
3040	0	1
3041	1	1
3042	0	0
3043	0	0
3044	0	0
3045	0	0
3046	0	0
3047	0	0
3048	0	1
3049	0	0
3050	1	0
3051	0	0
3052	0	0
3053	0	0
3054	0	1
3055	0	1
3056	0	0
3057	0	0
3058	1	0
3059	0	0
3060	0	0
3061	0	1
3062	0	0
3063	0	0
3064	2	0
3065	0	1
3066	0	0
3067	0	0
3068	0	0
3069	0	0
3070	0	0
3071	0	0
3072	1	0
3073	0	0
3074	2	0
3075	1	1
3076	0	1
3077	0	0
3078	0	0
3079	0	0
3080	1	0
3081	0	0
3082	1	0
3083	0	0
3084	0	1
3085	0	0
3086	0	0
3087	0	0
3088	0	0
3089	1	0
3090	0	1
3091	0	0
3092	0	0
3093	1	0
3094	0	1
3095	1	0
3096	1	0
3097	1	0
3098	0	1
3099	0	1
3100	1	0
3101	0	0
3102	1	0
3103	0	0
3104	0	0
3105	1	0
3106	0	0
3107	0	0
3108	0	0
3109	0	0
3110	0	0
3111	0	0
3112	0	0
3113	0	1
3114	0	0
3115	1	0
3116	1	0
3117	0	0
3118	0	0
3119	0	0
3120	1	1
3121	0	0
3122	1	1
3123	2	0
3124	0	0
3125	2	1
3126	1	1
3127	0	0
3128	0	0
3129	0	0
3130	1	1
3131	1	0
3132	1	0
3133	0	0
3134	0	0
3135	0	0
3136	0	0
3137	1	0
3138	2	1
3139	0	0
3140	1	0
3141	0	0
3142	1	1
3143	0	0
3144	2	0
3145	0	0
3146	0	1
3147	0	0
3148	1	0
3149	0	0
3150	0	0
3151	0	0
3152	1	0
3153	1	0
3154	0	0
3155	1	0
3156	1	0
3157	0	1
3158	0	0
3159	1	0
3160	0	1
3161	0	1
3162	0	0
3163	0	0
3164	0	0
3165	1	0
3166	0	0
3167	0	1
3168	1	0
3169	0	1
3170	0	0
3171	0	1
3172	0	0
3173	0	0
3174	0	0
3175	0	1
3176	0	0
3177	1	0
3178	1	0
3179	0	0
3180	0	0
3181	0	0
3182	0	0
3183	0	1
3184	0	0
3185	2	0
3186	0	1
3187	0	0
3188	0	0
3189	0	1
3190	0	0
3191	3	0
3192	0	0
3193	1	1
3194	0	0
3195	0	0
3196	0	0
3197	1	1
3198	1	0
3199	1	0
3200	2	0
3201	0	0
3202	1	0
3203	0	0
3204	0	0
3205	1	0
3206	0	0
3207	0	0
3208	0	0
3209	0	0
3210	0	0
3211	1	2
3212	0	0
3213	0	0
3214	0	1
3215	0	0
3216	0	0
3217	0	0
3218	0	0
3219	1	0
3220	3	0
3221	0	2
3222	1	0
3223	1	0
3224	0	0
3225	0	0
3226	0	0
3227	0	1
3228	0	0
3229	2	0
3230	2	0
3231	0	0
3232	0	0
3233	0	1
3234	0	0
3235	0	0
3236	0	0
3237	0	0
3238	0	0
3239	1	0
3240	0	0
3241	0	1
3242	0	1
3243	0	0
3244	0	0
3245	1	1
3246	0	0
3247	0	0
3248	0	0
3249	0	0
3250	1	0
3251	0	1
3252	0	0
3253	0	0
3254	0	0
3255	0	0
3256	3	0
3257	0	1
3258	0	3
3259	0	0
3260	0	0
3261	0	0
3262	1	1
3263	0	0
3264	0	0
3265	1	2
3266	1	0
3267	2	1
3268	0	0
3269	0	1
3270	2	0
3271	0	1
3272	1	0
3273	0	0
3274	0	2
3275	0	0
3276	0	0
3277	1	0
3278	0	1
3279	1	1
3280	0	0
3281	1	0
3282	1	0
3283	0	0
3284	1	0
3285	0	2
3286	1	0
3287	1	0
3288	0	0
3289	0	0
3290	0	0
3291	0	0
3292	0	1
3293	0	1
3294	0	0
3295	0	0
3296	0	0
3297	0	0
3298	0	0
3299	0	0
3300	1	0
3301	0	0
3302	0	0
3303	0	0
3304	0	1
3305	1	0
3306	0	1
3307	0	0
3308	1	0
3309	1	0
3310	1	0
3311	0	0
3312	0	0
3313	0	0
3314	0	0
3315	0	1
3316	0	1
3317	1	0
3318	0	1
3319	0	1
3320	1	1
3321	0	0
3322	1	0
3323	0	0
3324	0	0
3325	0	0
3326	1	0
3327	2	0
3328	2	0
3329	1	1
3330	1	1
3331	0	0
3332	0	0
3333	1	0
3334	0	0
3335	1	0
3336	0	0
3337	0	1
3338	0	0
3339	0	0
3340	0	1
3341	0	0
3342	1	0
3343	0	0
3344	0	0
3345	0	0
3346	1	0
3347	0	0
3348	0	0
3349	0	0
3350	0	0
3351	0	0
3352	0	0
3353	0	0
3354	0	0
3355	0	0
3356	0	0
3357	0	0
3358	1	0
3359	2	0
3360	0	1
3361	0	0
3362	2	0
3363	0	1
3364	0	0
3365	1	0
3366	0	0
3367	0	0
3368	0	0
3369	0	0
3370	1	0
3371	1	0
3372	0	0
3373	1	1
3374	0	0
3375	0	0
3376	0	1
3377	0	2
3378	1	0
3379	0	1
3380	0	0
3381	0	0
3382	1	0
3383	0	0
3384	0	0
3385	0	0
3386	0	1
3387	0	0
3388	0	0
3389	0	0
3390	1	0
3391	1	0
3392	2	0
3393	0	0
3394	0	0
3395	1	2
3396	0	0
3397	0	0
3398	0	0
3399	1	1
3400	0	0
3401	0	1
3402	0	0
3403	0	0
3404	0	0
3405	0	0
3406	0	2
3407	2	0
3408	0	0
3409	0	0
3410	0	1
3411	1	1
3412	0	0
3413	0	0
3414	0	0
3415	0	0
3416	0	0
3417	0	0
3418	0	1
3419	1	0
3420	1	0
3421	0	0
3422	0	0
3423	0	0
3424	0	0
3425	0	0
3426	0	0
3427	0	2
3428	0	0
3429	0	0
3430	0	0
3431	0	1
3432	1	0
3433	0	1
3434	0	1
3435	3	0
3436	0	0
3437	1	0
3438	0	0
3439	0	0
3440	1	0
3441	1	0
3442	0	1
3443	0	0
3444	1	0
3445	0	0
3446	0	0
3447	0	0
3448	0	0
3449	0	0
3450	0	0
3451	0	0
3452	0	0
3453	1	0
3454	0	0
3455	0	0
3456	1	0
3457	0	0
3458	0	0
3459	1	0
3460	0	0
3461	2	0
3462	0	0
3463	0	0
3464	0	0
3465	0	1
3466	1	0
3467	1	0
3468	0	1
3469	0	0
3470	1	0
3471	0	0
3472	1	0
3473	1	0
3474	0	0
3475	0	1
3476	1	0
3477	0	0
3478	1	0
3479	0	1
3480	0	0
3481	0	0
3482	1	0
3483	0	0
3484	0	0
3485	0	0
3486	1	0
3487	2	0
3488	0	0
3489	0	0
3490	0	0
3491	0	0
3492	0	0
3493	0	1
3494	0	0
3495	2	1
3496	0	0
3497	0	0
3498	0	0
3499	1	0
3500	0	0
3501	1	0
3502	1	0
3503	0	1
3504	1	0
3505	0	0
3506	0	0
3507	0	0
3508	0	0
3509	0	0
3510	0	0
3511	0	0
3512	0	0
3513	2	0
3514	1	0
3515	0	0
3516	0	0
3517	0	0
3518	0	1
3519	2	0
3520	1	0
3521	1	1
3522	0	0
3523	0	0
3524	1	1
3525	0	0
3526	1	1
3527	0	1
3528	0	0
3529	0	0
3530	0	0
3531	1	0
3532	0	0
3533	0	0
3534	1	0
3535	1	0
3536	0	1
3537	1	0
3538	0	0
3539	0	0
3540	0	0
3541	0	0
3542	0	0
3543	0	0
3544	0	0
3545	0	0
3546	0	0
3547	1	0
3548	0	0
3549	1	0
3550	0	0
3551	0	0
3552	1	0
3553	0	0
3554	0	0
3555	0	0
3556	0	1
3557	1	1
3558	0	0
3559	0	0
3560	0	1
3561	0	0
3562	0	0
3563	1	0
3564	0	0
3565	0	0
3566	0	1
3567	0	0
3568	1	0
3569	0	1
3570	0	1
3571	0	0
3572	2	0
3573	0	0
3574	0	0
3575	0	0
3576	0	0
3577	1	0
3578	0	0
3579	0	0
3580	0	1
3581	0	1
3582	1	0
3583	0	0
3584	0	0
3585	1	1
3586	0	0
3587	0	0
3588	0	2
3589	0	0
3590	0	0
3591	1	1
3592	0	0
3593	0	0
3594	0	0
3595	0	0
3596	1	0
3597	0	0
3598	1	0
3599	1	0
3600	0	0
3601	0	0
3602	0	0
3603	0	0
3604	0	0
3605	1	1
3606	0	0
3607	0	0
3608	0	1
3609	2	0
3610	0	0
3611	0	0
3612	0	0
3613	0	1
3614	0	0
3615	0	0
3616	0	0
3617	0	0
3618	0	0
3619	1	0
3620	0	0
3621	0	0
3622	0	0
3623	0	0
3624	0	0
3625	0	0
3626	0	0
3627	0	0
3628	1	0
3629	0	0
3630	2	0
3631	1	0
3632	0	0
3633	0	2
3634	0	0
3635	0	0
3636	0	0
3637	1	1
3638	0	0
3639	0	0
3640	0	1
3641	0	0
3642	0	1
3643	0	0
3644	0	0
3645	0	1
3646	1	0
3647	0	0
3648	1	0
3649	0	0
3650	0	0
3651	0	0
3652	1	0
3653	2	1
3654	0	0
3655	1	0
3656	0	0
3657	0	0
3658	0	0
3659	1	1
3660	0	0
3661	0	0
3662	0	0
3663	0	0
3664	0	0
3665	0	0
3666	1	0
3667	0	0
3668	0	0
3669	1	0
3670	0	0
3671	0	0
3672	0	0
3673	0	0
3674	0	0
3675	1	0
3676	0	0
3677	0	0
3678	0	0
3679	0	0
3680	0	0
3681	0	0
3682	0	0
3683	0	1
3684	0	0
3685	0	0
3686	0	0
3687	0	1
3688	0	0
3689	2	0
3690	0	0
3691	0	1
3692	0	0
3693	0	0
3694	0	0
3695	1	0
3696	0	0
3697	0	0
3698	0	0
3699	0	0
3700	1	0
3701	0	1
3702	1	1
3703	1	0
3704	0	0
3705	0	0
3706	0	2
3707	0	2
3708	1	0
3709	0	0
3710	0	1
3711	0	1
3712	2	0
3713	0	0
3714	0	1
3715	1	0
3716	0	0
3717	0	0
3718	0	0
3719	0	0
3720	1	0
3721	1	1
3722	0	0
3723	0	0
3724	0	0
3725	0	0
3726	1	1
3727	1	0
3728	0	0
3729	0	0
3730	0	0
3731	0	0
3732	1	0
3733	1	0
3734	0	0
3735	1	0
3736	1	0
3737	0	0
3738	0	0
3739	1	0
3740	0	0
3741	0	0
3742	0	0
3743	0	0
3744	0	0
3745	0	0
3746	0	0
3747	0	0
3748	0	0
3749	1	0
3750	0	0
3751	1	0
3752	1	0
3753	0	1
3754	0	1
3755	0	0
3756	1	0
3757	0	0
3758	0	0
3759	0	1
3760	1	0
3761	0	0
3762	0	1
3763	0	0
3764	0	0
3765	0	0
3766	0	0
3767	0	0
3768	0	0
3769	0	0
3770	0	0
3771	0	1
3772	0	0
3773	0	0
3774	0	0
3775	0	0
3776	1	0
3777	1	0
3778	0	0
3779	0	0
3780	0	0
3781	2	0
3782	1	0
3783	0	0
3784	0	1
3785	0	1
3786	0	1
3787	0	0
3788	0	0
3789	0	1
3790	1	0
3791	0	0
3792	0	0
3793	2	0
3794	0	0
3795	1	0
3796	1	0
3797	0	2
3798	0	0
3799	0	0
3800	0	0
3801	0	0
3802	0	0
3803	0	0
3804	0	0
3805	0	0
3806	0	0
3807	2	0
3808	0	0
3809	0	0
3810	0	0
3811	0	0
3812	0	0
3813	1	0
3814	0	0
3815	0	1
3816	1	0
3817	0	0
3818	0	0
3819	0	0
3820	1	0
3821	0	0
3822	0	1
3823	1	0
3824	1	0
3825	0	0
3826	0	0
3827	0	0
3828	0	0
3829	0	0
3830	0	0
3831	0	0
3832	0	0
3833	0	0
3834	0	0
3835	0	0
3836	0	0
3837	0	2
3838	0	1
3839	0	1
3840	0	0
3841	0	0
3842	0	0
3843	1	0
3844	0	0
3845	0	1
3846	0	1
3847	0	1
3848	0	0
3849	0	0
3850	1	0
3851	0	0
3852	0	0
3853	0	0
3854	0	0
3855	0	0
3856	0	0
3857	0	0
3858	0	0
3859	0	0
3860	0	0
3861	0	0
3862	0	1
3863	0	0
3864	0	0
3865	0	0
3866	0	0
3867	1	0
3868	0	1
3869	0	2
3870	0	0
3871	0	0
3872	1	0
3873	0	0
3874	0	0
3875	1	0
3876	0	2
3877	0	0
3878	0	0
3879	0	0
3880	0	1
3881	0	1
3882	0	1
3883	0	0
3884	0	0
3885	0	1
3886	0	0
3887	2	0
3888	0	0
3889	0	0
3890	0	0
3891	0	0
3892	0	0
3893	0	0
3894	0	0
3895	1	0
3896	0	0
3897	0	0
3898	0	0
3899	0	0
3900	0	0
3901	0	0
3902	1	0
3903	1	0
3904	1	0
3905	0	0
3906	1	0
3907	0	0
3908	1	0
3909	1	1
3910	0	0
3911	0	0
3912	0	0
3913	1	0
3914	0	1
3915	0	0
3916	0	0
3917	0	0
3918	0	0
3919	0	0
3920	0	0
3921	0	0
3922	0	0
3923	0	2
3924	0	0
3925	0	1
3926	1	1
3927	0	0
3928	0	0
3929	0	0
3930	2	2
3931	0	0
3932	0	0
3933	0	0
3934	1	0
3935	1	0
3936	0	0
3937	0	0
3938	0	0
3939	0	0
3940	1	1
3941	0	0
3942	0	1
3943	0	0
3944	0	0
3945	0	0
3946	0	0
3947	0	1
3948	1	0
3949	0	0
3950	1	0
3951	0	0
3952	0	0
3953	1	0
3954	0	1
3955	0	0
3956	0	0
3957	1	0
3958	1	0
3959	0	1
3960	1	0
3961	0	0
3962	1	0
3963	0	0
3964	0	0
3965	0	0
3966	1	0
3967	0	0
3968	0	0
3969	0	0
3970	0	0
3971	0	0
3972	1	1
3973	1	0
3974	0	1
3975	0	0
3976	0	0
3977	1	0
3978	1	0
3979	0	0
3980	1	0
3981	0	0
3982	0	1
3983	1	0
3984	0	0
3985	0	0
3986	1	0
3987	0	0
3988	0	0
3989	0	0
3990	0	0
3991	0	0
3992	0	0
3993	0	0
3994	0	0
3995	0	0
3996	2	1
3997	0	0
3998	1	0
3999	0	0
4000	0	0
4001	0	0
4002	1	0
4003	0	0
4004	0	0
4005	0	0
4006	0	0
4007	0	0
4008	0	1
4009	0	0
4010	1	0
4011	0	0
4012	0	0
4013	0	1
4014	0	0
4015	0	0
4016	1	1
4017	0	1
4018	0	0
4019	0	0
4020	0	1
4021	0	0
4022	2	0
4023	0	0
4024	0	1
4025	0	0
4026	0	0
4027	0	0
4028	0	0
4029	0	0
4030	0	0
4031	0	0
4032	0	1
4033	0	1
4034	1	0
4035	0	0
4036	0	0
4037	0	0
4038	1	0
4039	0	0
4040	0	0
4041	0	0
4042	0	0
4043	0	0
4044	0	1
4045	1	0
4046	0	0
4047	1	0
4048	1	0
4049	0	0
4050	1	1
4051	0	0
4052	0	0
4053	0	1
4054	0	0
4055	0	1
4056	0	0
4057	0	0
4058	0	0
4059	0	0
4060	1	0
4061	1	0
4062	0	0
4063	0	0
4064	0	0
4065	0	0
4066	0	0
4067	0	0
4068	0	1
4069	0	0
4070	0	1
4071	0	0
4072	0	0
4073	1	0
4074	0	0
4075	1	0
4076	0	0
4077	0	0
4078	0	0
4079	0	0
4080	0	1
4081	0	1
4082	0	0
4083	0	0
4084	0	1
4085	1	0
4086	1	1
4087	0	0
4088	0	0
4089	0	1
4090	0	0
4091	0	0
4092	0	0
4093	0	1
4094	0	0
4095	0	0
4096	0	0
